c	[ 0.13724415 -0.09052924  0.08957354 -0.07140426  0.11209799  0.12654419
  0.01710567 -0.05124294 -0.18795316 -0.13563699  0.02895759  0.04071129
 -0.1467264   0.00854603 -0.1170266  -0.06439243 -0.0125079   0.1351615
  0.09804098 -0.1203181   0.09413099  0.00190084  0.01214335  0.20855813
  0.03267462  0.01370834 -0.0623122   0.06688938  0.14034384  0.04426009
  0.09733739  0.09577821 -0.13112767 -0.00921793  0.08676208  0.09738048
  0.1261772   0.10397769  0.03713308 -0.05208437  0.1097298   0.00562033
 -0.1045342   0.01508834 -0.02339005 -0.05234111 -0.02391761 -0.09583381
 -0.15286669 -0.08138279  0.0265232  -0.06382912 -0.00227417  0.21536936
 -0.01477586 -0.04554838 -0.0732796   0.08925148 -0.09460254 -0.05440502
 -0.02309486  0.11579254  0.01589215  0.07565267 -0.041637    0.06586967
  0.11795985 -0.02577614 -0.00389227 -0.0773888   0.02748798  0.04214779
 -0.08940923 -0.13492776  0.17108797 -0.04374625  0.02635497  0.13725679
  0.03688901 -0.03731586 -0.04363188  0.05743271  0.05933645  0.05355197
 -0.15898302 -0.20908926  0.06300722  0.11571146  0.10744923  0.09807219
  0.02475656 -0.00490764 -0.0467292  -0.00249257  0.10009264 -0.04380026
  0.09553629  0.07538757  0.04276703 -0.01953063  0.06998381  0.03563291
  0.00468635  0.01818873 -0.01379442 -0.04764503  0.03787343  0.15208317
  0.11258919 -0.03263277 -0.10168322  0.01579398  0.16737063 -0.1533763
 -0.03573008 -0.16404727  0.05531362  0.2055495  -0.11010641 -0.03306605
  0.14036298 -0.11856679  0.03006056  0.08132461  0.01988587 -0.12885562
  0.06419951  0.12107222]		C	[ 0.17248236  0.05675618  0.10922673 -0.05213869  0.05825717  0.09839858
  0.01204147 -0.14542776 -0.16248307 -0.11815742 -0.02546096  0.00650574
 -0.14335953  0.09918605 -0.22144645 -0.11492931 -0.12993874  0.11023653
  0.06717811  0.04269481  0.07628441  0.03751794  0.05695953  0.13836053
 -0.04201595 -0.01610885 -0.1251471  -0.15517749  0.25298458  0.05266249
 -0.08205781  0.09189542 -0.17943582  0.00432585  0.0230487   0.09844472
 -0.06837796  0.05546127 -0.04423919 -0.08975655  0.18837328  0.01784651
 -0.05600068  0.00919975  0.00926076 -0.04994687 -0.01221265 -0.18731871
 -0.09493538 -0.02266582  0.06443832 -0.01983416 -0.08443125  0.12896086
 -0.06862826 -0.01209924 -0.13985533  0.03870188 -0.0387884  -0.06727768
  0.07388323  0.04336979  0.0795927  -0.07769334 -0.00443488  0.00427181
  0.06970004  0.04053027  0.01142499  0.02205763 -0.05151934  0.02315604
 -0.1021201  -0.03812206  0.12461546 -0.0458856   0.10815651 -0.0105326
 -0.00991084 -0.08406498  0.00191928  0.12670894  0.11792803  0.0326814
 -0.16528928 -0.11389305  0.02471592  0.15114786 -0.00114679  0.10997661
  0.03648262 -0.03990258  0.04536103 -0.00765851  0.02362186  0.04528793
  0.01249081  0.12439282  0.06884103  0.09325761  0.01156035  0.12112168
 -0.04205568  0.03697553  0.0256295  -0.01212488  0.05314223  0.187946
  0.097459    0.02818463 -0.04484716 -0.06447925  0.15788287  0.03081228
 -0.0378928  -0.08110241  0.05388353  0.14241871 -0.11744702 -0.03516952
  0.07340465 -0.10640543 -0.10846418 -0.08225551 -0.0572386  -0.10843704
 -0.02549844  0.11540361]		(	[ 1.04221404e-01 -1.23774195e-02  4.98482622e-02 -5.26919682e-03
  7.72535652e-02  1.25291646e-01  5.70764318e-02 -7.99022093e-02
 -1.37593672e-01 -8.14607665e-02 -1.44529948e-03 -5.59459021e-03
 -8.51217285e-02  9.97266471e-02 -1.44482419e-01 -8.46059918e-02
 -4.62026522e-02  1.31871626e-01  1.68536752e-02  5.17072864e-02
  1.09219134e-01  1.17775267e-02  4.76078689e-02  6.63936734e-02
 -2.84585506e-02 -7.82021042e-03 -1.53378323e-01 -8.41510668e-02
  2.09923014e-01  9.61574242e-02  3.92339043e-02  1.69271603e-01
 -1.10188633e-01 -5.93528897e-02  5.56605719e-02 -4.82645025e-03
 -4.46389578e-02  1.09186552e-01  1.65887885e-02 -9.81814638e-02
  2.11875424e-01 -5.69195934e-02 -6.38975129e-02  2.55823154e-02
  6.77000880e-02 -7.71031831e-04  4.03006525e-05 -2.19684154e-01
 -1.04025267e-01  5.11243939e-02  7.84962997e-03  5.81842028e-02
 -9.01900418e-03  1.28144100e-01  1.14469780e-02 -4.00329009e-02
 -1.28853843e-01  2.76436340e-02  1.11874240e-02 -6.25719428e-02
  8.50374252e-02 -1.73225515e-02  6.86165467e-02  5.34155592e-03
 -1.63669456e-02  2.86812074e-02  5.87399378e-02  2.60087121e-02
 -6.90386165e-03  2.10335720e-02 -4.99787740e-02  3.50910202e-02
 -6.56063333e-02 -6.01069145e-02  1.12446472e-01 -6.50640205e-02
  8.39786232e-02  3.49140726e-02  3.43148559e-02 -7.80405998e-02
  1.18903536e-02  3.68139483e-02  5.84092736e-02  3.57914227e-03
 -1.99710488e-01 -1.09938473e-01  3.16221453e-02  1.04361884e-01
  6.31967336e-02  9.61560011e-02 -4.42447588e-02 -8.77999235e-04
  4.56851535e-02  4.33524027e-02  3.84265967e-02  2.31886003e-02
 -2.61230804e-02  1.48339540e-01  1.19755358e-01  2.39441656e-02
 -2.52703112e-03  1.27919987e-01 -1.72150750e-02  8.31711665e-02
 -8.54311977e-03 -4.73194011e-03  7.87934437e-02  1.84640869e-01
  3.92495729e-02  1.40045080e-02 -9.29954499e-02 -1.08306697e-02
  2.14611650e-01 -1.32411253e-02 -6.04871847e-02 -1.21911272e-01
  6.55769259e-02  1.51846677e-01 -1.43958881e-01 -1.13892831e-01
  1.06083959e-01 -1.08152539e-01 -4.62639146e-02  6.99476972e-02
 -2.02401951e-02 -1.48886874e-01 -1.58674419e-02  9.05967504e-02]		)	[ 0.00860429 -0.00964473  0.04443274 -0.0774669   0.10515803  0.10937542
  0.02591257 -0.07703429 -0.17570125 -0.06351987  0.01014708 -0.00966669
 -0.09839806  0.06595217 -0.17268443 -0.09410775 -0.0858744   0.08052241
 -0.00090768  0.02566047  0.11016337 -0.00093979  0.0817224   0.08931577
 -0.03985113 -0.02309475 -0.1017495  -0.12531185  0.20421025  0.02957845
  0.09530909  0.09115615 -0.14584205 -0.03510363  0.0768739   0.02675387
 -0.05106089  0.08439872 -0.06831553 -0.06448893  0.23491499 -0.0093842
 -0.02585195  0.03272829  0.07334645 -0.0170561   0.00236735 -0.17204209
 -0.12703954  0.04362676  0.06871345  0.03891213  0.02787106  0.12393424
 -0.02967873 -0.01884457 -0.11962507  0.04599549  0.04592597 -0.01387929
  0.02249953 -0.02933538  0.03333389  0.04711308  0.04907441  0.04576346
  0.13841984  0.08900212  0.01507018  0.02995482 -0.00215213  0.01365713
 -0.03175784 -0.11165585  0.14943299 -0.02515951  0.02232275  0.0268816
  0.07002204 -0.07399867  0.01009502  0.15026869  0.10665998  0.03029126
 -0.15354705 -0.13853668  0.03442531  0.0661741   0.08666122  0.10560119
 -0.04902034 -0.00980293  0.05730161  0.02738205  0.0193631   0.05616531
  0.00603455  0.11009217  0.18286517  0.0074834   0.01014696  0.17147487
 -0.04483617  0.01875011  0.04916285 -0.03125362  0.09004404  0.13901107
  0.05178676  0.03837493 -0.04966684 -0.02467447  0.19005515  0.01447333
 -0.1263434  -0.07044326  0.06269165  0.09560965 -0.08640944 -0.04882628
  0.03784175 -0.09247494 -0.01825403  0.0290706   0.01616163 -0.18402101
  0.01914102  0.09585302]		1	[ 0.20612225  0.00892355 -0.00678258 -0.06931693  0.02653219  0.06023173
  0.02403879  0.02978608 -0.16169079 -0.05498716 -0.01525921  0.07255152
 -0.15315852  0.12279505 -0.17188992 -0.05699562 -0.10990692  0.1335488
  0.02983432 -0.00486202  0.12042712 -0.02024772  0.02230228  0.21336794
 -0.08313477 -0.00337308 -0.04172403 -0.08799491  0.06272898  0.032066
  0.09244201  0.14886391 -0.08163717  0.00031169  0.07024598  0.07281333
  0.0272031   0.0426137  -0.05267268 -0.07459883  0.19422534 -0.01697807
 -0.06135538  0.00369755 -0.01700215 -0.03158112  0.06565312 -0.11728175
 -0.16772452 -0.05277884  0.06582658  0.03398824 -0.02008938  0.20692216
 -0.04571084 -0.0833389  -0.10329813  0.05141664 -0.08218563 -0.01236174
  0.05417627  0.06404662  0.06198826  0.01781858 -0.01250317 -0.01116266
  0.12516995  0.03883724 -0.020554   -0.06986743 -0.05092112  0.02208072
 -0.03057159 -0.08624445  0.10627875 -0.03302693  0.0006992   0.03257085
 -0.0575802  -0.06754021  0.06406694  0.10670239  0.05652719  0.00570966
 -0.21284227 -0.14610252 -0.02549495  0.14571959 -0.00153157  0.15315336
 -0.00427054 -0.04899218  0.01806414  0.07978487  0.04606589  0.03489381
  0.01562622  0.09893392  0.11086743  0.05280523  0.07043457  0.07406171
  0.00302197  0.04348552  0.02450861 -0.03271541  0.08315704  0.15904443
  0.14159892 -0.08438957 -0.03621031 -0.03418148  0.18048984 -0.07355189
 -0.09959389 -0.16111061  0.06584036  0.18512617 -0.10466637  0.0227697
  0.08532316 -0.12984793 -0.00963061  0.02511006 -0.02045035 -0.17663564
  0.02612768  0.09386388]		O	[ 1.36532187e-01  1.01627149e-01  5.83370887e-02 -8.08140263e-02
  7.65040666e-02  1.88688427e-01  1.29364222e-01 -4.16583568e-02
 -1.91502973e-01 -2.29478870e-02 -2.21963655e-02  1.33171026e-02
 -1.54315129e-01  8.20396021e-02 -2.19367117e-01 -1.67590514e-01
 -8.75743181e-02  1.21830389e-01 -2.38983426e-02  7.08977282e-02
 -2.30593141e-02  2.28854921e-02 -4.78501134e-02  1.15045235e-01
 -9.88040864e-02 -6.60956576e-02 -1.14442557e-01 -1.34831205e-01
  1.77907661e-01  2.10469389e-05  5.35334554e-03  1.54028893e-01
 -1.64783627e-01  5.76185528e-03  7.43143335e-02 -3.29191163e-02
 -5.80564141e-03  6.88890219e-02 -5.53170666e-02 -1.45493224e-01
  1.98851228e-01  5.84296249e-02  2.85804388e-03  2.15255916e-02
 -3.25247901e-03 -9.31498781e-03  6.11788705e-02 -1.44073322e-01
 -1.86646387e-01  4.98260139e-03  6.54807091e-02  3.26925452e-04
 -6.35344237e-02  7.61641860e-02 -4.51341458e-02 -2.12305300e-02
 -1.21584840e-01  1.74023770e-02 -3.53763923e-02  3.21549433e-03
  1.34048477e-01  2.69528152e-03  7.99384117e-02  3.78417000e-02
 -3.23868208e-02 -4.56302427e-02  1.03358634e-01  6.60007372e-02
 -6.19043298e-02 -2.04214752e-02 -2.47266479e-02  2.59347502e-02
 -4.21594046e-02 -1.58390794e-02  1.43427193e-01 -7.63847530e-02
  9.08484384e-02 -3.93527821e-02  8.12567398e-03 -3.52109894e-02
 -2.00732388e-02  4.21921238e-02  6.35724589e-02 -2.11424325e-02
 -1.63062096e-01 -9.22529027e-03 -4.98807654e-02  2.86814496e-02
  2.33716257e-02  1.19238682e-01 -4.50397171e-02  1.87142566e-02
  5.45801222e-02  2.19510496e-03  2.27859672e-02  3.14327069e-02
  1.15231248e-02  1.31050438e-01  3.53466310e-02  1.05698630e-01
  2.30797045e-02  8.78696293e-02 -4.85904738e-02  4.97880988e-02
  3.29763740e-02  1.62112452e-02  7.95606673e-02  2.17410579e-01
  1.33754149e-01  1.77901741e-02  4.50137910e-03 -5.43367825e-02
  1.05063617e-01  2.48043109e-02 -1.90303754e-02 -5.32791950e-02
  2.86141317e-02  1.21117115e-01 -1.63883597e-01 -5.44061232e-03
  5.60448244e-02 -6.21876046e-02 -1.67088896e-01 -1.46755263e-01
 -7.02658147e-02 -1.43516988e-01 -3.13046612e-02  8.83400664e-02]		=	[ 0.17659137 -0.0087219   0.03484877 -0.09931006  0.06149696  0.16535944
  0.12606652 -0.0530968  -0.16090392 -0.0244456  -0.03651043  0.01591545
 -0.22337076  0.0284751  -0.25635946 -0.17524105 -0.17018421  0.19031495
  0.03284657  0.03244139  0.01869696  0.00454201 -0.01547001  0.15665871
 -0.02184653 -0.04675473 -0.09243052 -0.12370647  0.20311105 -0.03456057
  0.03968104  0.14029734 -0.10119089 -0.0203328   0.00292404 -0.07437415
  0.00252308  0.13397582 -0.06536054 -0.09294724  0.17569543 -0.04509903
 -0.04441584  0.04237771 -0.00686442 -0.02451571 -0.004839   -0.13236834
 -0.0807564   0.04089604  0.0944355   0.07566842 -0.07555752  0.15594544
 -0.06498746 -0.02863952 -0.08189568  0.05624948 -0.05769226 -0.03054804
  0.05819843  0.08836941  0.0689851  -0.05262297  0.01792946  0.03292643
  0.16410248 -0.01085703 -0.05541738  0.02717481  0.02120941  0.12610078
 -0.03735291  0.04589317  0.13728392 -0.01437133  0.03833292  0.01949701
 -0.02373245 -0.0639758   0.07022555  0.12173773  0.02893758  0.03156924
 -0.18487307 -0.10267988  0.00487078  0.14217667  0.01330594  0.13822342
 -0.02620069 -0.00371929  0.0193093   0.03672867  0.02885483  0.03213611
 -0.04143063  0.08131953  0.01032666  0.03725098 -0.03917629  0.07578918
 -0.05525629  0.04218027  0.02770873  0.00827744  0.04198585  0.14630415
  0.11521842  0.0208515   0.04193108 -0.03367085  0.09072472 -0.01312419
 -0.05858577 -0.09719557  0.00491508  0.15943404 -0.06612517  0.014479
  0.04853174 -0.11972322 -0.06822613 -0.07239114 -0.00211669 -0.07749295
 -0.0546966   0.07725301]		.	[ 0.08453599  0.00557999  0.07539257 -0.11544934  0.09225003  0.19156937
  0.09002481  0.01576683 -0.12757929 -0.08624282 -0.06846748 -0.02257415
 -0.22496322  0.01714117 -0.17713934 -0.07047386 -0.12487397  0.07140162
 -0.02648552  0.05561665  0.23961842  0.04812648 -0.04067065  0.2467776
 -0.03243939 -0.08478332 -0.11441765  0.04406513  0.25543556  0.03973738
  0.08697714  0.14597747 -0.17558444 -0.07512869  0.12185773  0.058131
 -0.00219534  0.0771241   0.02689939 -0.08067491  0.15039647 -0.051977
 -0.04038994  0.00468237  0.05370105 -0.03365693 -0.06837928 -0.0806056
 -0.12231521 -0.01923974  0.04024412  0.03055708 -0.05916089  0.12293779
 -0.10029269 -0.06800833 -0.05256952  0.06533666 -0.08142611 -0.01542048
  0.04111065  0.07560185 -0.0058851   0.00113192 -0.03470821  0.05323603
  0.04147083  0.07195347  0.02657959 -0.03312645  0.0320694   0.0361396
 -0.10369481 -0.17181472  0.11792991  0.00271895  0.04709192  0.05066023
  0.0161404  -0.09711211  0.00390228  0.03716104  0.06863479  0.06313815
 -0.23979087 -0.15038744  0.05914072  0.14920008  0.03391194  0.11608383
 -0.03526164  0.0073143   0.00245572 -0.00224152  0.01572098  0.02162953
  0.0313766   0.070052    0.04014569  0.06896151 -0.00874863  0.06915705
 -0.07174038 -0.00533999  0.00886113 -0.02884552  0.06987835  0.19694391
  0.14501251  0.05603102 -0.01745741 -0.03112358  0.11056814 -0.07710232
 -0.08136427 -0.08388256  0.02436434  0.10245097 -0.12786599 -0.04755804
  0.11787897 -0.11978351 -0.08795214 -0.02628488 -0.06839556 -0.03272007
 -0.02824638  0.06830455]		2	[ 1.05059229e-01 -1.09498896e-01  1.39685944e-01 -1.83772594e-01
  1.99332103e-01  1.23970091e-01  4.67932932e-02 -2.99224555e-02
 -2.49232396e-01 -8.34253281e-02  9.00886953e-02  1.10073999e-01
 -1.05918214e-01  3.93286726e-04 -6.03039525e-02 -4.13116366e-02
  4.91267294e-02  1.62719890e-01  8.50057453e-02  2.02340819e-02
  1.03111297e-01  2.96483487e-02  3.95362712e-02  1.54586419e-01
  8.41371939e-02  8.55501294e-02  3.42512009e-04  1.26869664e-01
  5.87447025e-02  1.71755310e-04  2.00469568e-01  5.87418750e-02
 -5.67675456e-02  1.82789676e-02  8.52471441e-02  1.26501635e-01
  1.07091211e-01  8.18096176e-02  6.69865981e-02 -5.50026968e-02
  8.00089464e-02 -3.10380608e-02 -1.25287086e-01  1.88047364e-02
 -1.01684071e-02 -4.14897762e-02  5.37723266e-02 -8.52840245e-02
 -2.29749933e-01 -3.97144184e-02 -2.00169459e-02 -3.22161871e-03
 -3.48291732e-02  2.41400957e-01 -1.90679673e-02 -8.77914503e-02
 -9.89529192e-02  6.21338934e-02 -1.17046237e-01  6.94376091e-03
  2.52427123e-02  5.87132759e-02  2.23668162e-02  6.77534938e-02
 -1.73613559e-02 -9.48407629e-04  1.46688715e-01  6.05709711e-03
 -6.17608577e-02 -1.12356380e-01  9.71280411e-03  3.61519046e-02
  6.80158800e-03 -1.55105487e-01  1.15367599e-01 -5.11001982e-02
 -6.91157416e-04  1.07364252e-01 -2.89745294e-02 -8.57173130e-02
 -1.21340146e-02  3.78374681e-02  3.89359635e-03  4.72167172e-02
 -2.22652406e-01 -2.18664736e-01  9.42466483e-02  7.02538267e-02
  8.77860412e-02  1.05191588e-01 -5.45590818e-02 -1.89412870e-02
  5.45918057e-03  2.26403195e-02  7.46615902e-02 -4.19446044e-02
  6.24540262e-02  6.18142597e-02 -2.23543588e-02 -1.30837876e-02
  1.25683814e-01 -2.10558693e-03 -2.46683862e-02  2.42093094e-02
  5.75898439e-02 -5.19142151e-02  8.03520679e-02  1.77593499e-01
  7.88795725e-02 -9.34314951e-02 -6.02103770e-02  4.29321751e-02
  1.50699094e-01 -6.43711761e-02 -6.37590364e-02 -1.49013013e-01
  4.33758833e-02  1.82661369e-01 -1.88127548e-01 -5.11340424e-02
  1.30518824e-01 -9.61828604e-02  5.82847297e-02  6.84591606e-02
 -1.82252172e-02 -1.74216792e-01 -5.34506096e-03  9.07562599e-02]		N	[ 0.21352905 -0.10542303  0.00159246 -0.1378774   0.16209531 -0.02738698
  0.02678791  0.04124321 -0.06176541  0.02223292  0.07298862 -0.01146011
 -0.18845573  0.29391843 -0.21372546 -0.08973985 -0.22536416  0.03253493
 -0.09764463  0.16030198  0.02342981 -0.11275308  0.04718446  0.23754983
 -0.07450255 -0.00670729 -0.09580772 -0.14568694  0.04810099  0.13037276
 -0.09025516  0.14438541 -0.08402324  0.05065417 -0.03041727  0.03707781
 -0.03981692  0.11251176  0.00849309 -0.09389765  0.1064698   0.03759625
 -0.04437137  0.11661387  0.09678931 -0.16763952 -0.0143332  -0.18371505
 -0.00292743 -0.18466544  0.01921195 -0.00574538  0.0323964   0.1751835
  0.02782452  0.03160047 -0.15253365  0.00538731 -0.01187433  0.04449867
 -0.0407104   0.02627704 -0.00030512  0.03128433 -0.06538829  0.0413676
  0.10870914  0.14404671 -0.01651687 -0.08575041 -0.10137019  0.01199229
 -0.05529025 -0.15793483  0.0922706   0.02520521  0.0362078   0.06150749
 -0.01186864  0.05752227  0.1858583  -0.00172755  0.0702878   0.00228757
 -0.20001815 -0.1223269   0.07159831  0.06612064  0.08355634  0.11971071
 -0.04712649 -0.10291898  0.09395828  0.0146045   0.04683672  0.12651603
 -0.00177402  0.15564026 -0.02362223  0.04488925  0.07975329  0.06862959
 -0.01126833  0.04001665  0.02699672  0.04399103  0.13169475  0.05824572
  0.18468851  0.01944766  0.01737751 -0.08024303  0.17662062  0.07756591
 -0.18245536 -0.09894397  0.00832316  0.16109401 -0.08472732  0.01168559
  0.08677074 -0.10280588 -0.07448397 -0.05083505 -0.10135711 -0.07042645
  0.06968099  0.08702945]		[O-]	[-0.11117239  0.0552002   0.1293154  -0.05862908  0.09073467  0.3338025
  0.20501013 -0.03579354 -0.07226786 -0.08543704  0.00506061  0.0025846
 -0.18017662 -0.117758   -0.30050388 -0.2964328  -0.12005122  0.12269319
 -0.07210994 -0.10187977 -0.21674864 -0.04426239  0.01677109  0.0608951
 -0.10090452 -0.12731755 -0.15416363 -0.19445314  0.08622868 -0.09269039
  0.0371887   0.3274804  -0.22298777  0.07729216  0.03062268 -0.14723483
  0.08419847 -0.08927203  0.04581119 -0.25016     0.3575154   0.11834253
 -0.1309662   0.09341424  0.05356039  0.01077649  0.00590423 -0.23706865
 -0.16072905  0.10291889  0.08530324  0.1294484  -0.10797952  0.10760315
 -0.11861677 -0.00625727 -0.09823324  0.05036927 -0.12576258  0.05809522
  0.09509482 -0.03141639  0.05301252 -0.06453238  0.04508355 -0.03490634
 -0.02121437  0.08625457 -0.07755636  0.03652612 -0.01294516  0.0482402
 -0.03846793  0.16325782  0.21623053 -0.09393904  0.06050987  0.05221367
 -0.07508227 -0.01761873 -0.06321295  0.22436409 -0.00656635  0.01538515
 -0.19755693  0.04076223 -0.07591587  0.06325378  0.00874193  0.15580748
 -0.01390028 -0.10767033 -0.06050698 -0.01985466 -0.13229911  0.01064081
  0.00740239  0.08549663 -0.02581943  0.2715331  -0.02712863  0.07823996
 -0.18522346 -0.0531015   0.08421063  0.04428178  0.10777169  0.05798522
  0.11006151  0.03915057  0.02624003 -0.0309421  -0.0127467  -0.02274032
  0.0534813   0.07629237 -0.01785892  0.25159568 -0.05707368 -0.06904506
  0.10772882 -0.07537818 -0.2623842  -0.14765085 -0.05485082 -0.02866396
 -0.17453176 -0.02083779]		>	[ 0.20697403  0.11766921  0.2079568   0.00145815  0.07458132  0.04811644
  0.1658293  -0.2062424  -0.12083403 -0.05739556 -0.02386642  0.13796939
 -0.1900818  -0.10746384 -0.18798462 -0.20998482  0.00213307  0.09346727
 -0.16898198  0.09205992  0.07122619 -0.05481871 -0.09955069  0.27262983
  0.03805332  0.01019458 -0.13887914 -0.18734124 -0.00814305 -0.02626958
  0.11735722  0.09957181 -0.23386657  0.06918266 -0.04787825  0.07879017
 -0.00112266 -0.03058123 -0.12883416 -0.24493077  0.10626394 -0.13169734
 -0.23100308 -0.07225892  0.03478184  0.03431767 -0.12254552 -0.22955014
 -0.04274178  0.00696149  0.01014377 -0.01174008  0.0024578   0.11837625
 -0.08618192 -0.07601743 -0.10184865 -0.00949869  0.00097126 -0.12010452
 -0.11496124  0.01353731  0.07585108  0.16131343 -0.04949372  0.07556634
  0.16650842 -0.03214296  0.06660442  0.0387417   0.06855009  0.08636478
 -0.16883923 -0.16062713  0.06093229 -0.06544349  0.03466377 -0.05548443
 -0.040472   -0.05473772  0.14163044  0.04310422  0.05529722  0.07419666
 -0.34706375 -0.06148436 -0.05676597  0.10666685 -0.05036292  0.07409959
 -0.11365563 -0.12695384  0.09454481  0.07088948 -0.10445298  0.01404903
  0.04571788  0.1370747   0.0653227  -0.05544627 -0.02446359  0.11919335
 -0.11184625  0.10330203 -0.02791463  0.01661664  0.12653795  0.15961413
  0.12221108  0.09243127 -0.08921777 -0.07429621  0.06193176 -0.07226735
 -0.04719256  0.00203896 -0.07333862  0.0481572  -0.10101648  0.06288459
  0.19954444 -0.14558801 -0.08558319  0.00146643  0.06175001 -0.1430681
  0.0448885   0.14962125]		3	[-0.16841729 -0.0165174   0.22790504 -0.11399489  0.11939195  0.14564957
  0.01944968 -0.00077425 -0.22054997  0.20414142  0.1327174   0.05728764
 -0.06658397 -0.11568002 -0.17807214 -0.03073695 -0.03420699  0.1851105
  0.21879272  0.02821659 -0.08458504  0.07775979  0.03713033  0.13127242
  0.07914011  0.01042142 -0.09655368  0.10183632  0.27138016  0.04068679
  0.12514323  0.14313897 -0.00750857  0.00765415  0.11408904  0.1503123
  0.18460134  0.12848692  0.06316315  0.04080123  0.2302191  -0.13294305
 -0.18688911  0.07642115 -0.03824457 -0.04545819  0.05264239 -0.1949909
 -0.1712977   0.01353434  0.06027469  0.09856191  0.02117559  0.13850869
 -0.00428392 -0.08322324 -0.09950401  0.15500392  0.02620131 -0.00706176
 -0.04072681  0.01711475  0.09254463  0.14203487  0.06543962  0.01883799
  0.10649833 -0.14294788 -0.00776513  0.01440397 -0.01198207  0.11709061
 -0.14829658  0.03553066  0.2153536  -0.1552108   0.01915374  0.05087817
 -0.01574933 -0.00846533 -0.03714604  0.15875664  0.09452251  0.05788931
 -0.07216894 -0.25078264  0.09964293  0.12272463  0.02879853 -0.10360671
  0.06519997 -0.09125065 -0.09931997 -0.03121853  0.09439787  0.04285009
 -0.08635512 -0.0552923  -0.01729826  0.05122203  0.15127368  0.23644297
  0.03468809 -0.07108063  0.01925051 -0.01619074  0.00091259  0.03539126
 -0.06668369  0.05874297 -0.12363116 -0.02236373  0.21624121 -0.05321122
 -0.01976466 -0.1073558   0.00694242  0.33276117  0.00361454 -0.00110354
  0.18059343 -0.20272163 -0.15989704  0.14719185  0.01328786 -0.1479073
  0.00144899 -0.02340212]		P	[ 6.17325529e-02 -6.39374107e-02  7.11115971e-02 -1.64410636e-01
 -1.90052763e-02  1.60449460e-01  1.44573888e-02 -8.77572149e-02
 -2.52140254e-01 -6.65166900e-02  5.60997687e-02 -3.53486203e-02
 -1.81138709e-01  7.55747780e-02 -1.65302575e-01 -1.21238511e-02
  1.12764418e-01  1.39767781e-01  1.28040388e-01  2.08657046e-04
  6.41178265e-02  4.95009273e-02 -1.74350776e-02  1.65608436e-01
  5.17916568e-02  2.09081173e-01 -2.41584089e-02  2.12004304e-01
  1.14999630e-01  6.56910464e-02  1.69717163e-01  3.21241729e-02
 -1.98551968e-01 -4.60715443e-02  2.71817625e-01  1.20041132e-01
  1.23074530e-02  9.70057324e-02  8.16262439e-02  5.58477379e-02
  1.64744258e-01 -8.19231942e-02 -1.70775771e-01 -7.55681396e-02
  1.76294874e-02 -7.94404745e-02 -1.35569181e-02 -5.83194643e-02
 -1.29388407e-01  6.18287809e-02  5.52016497e-02 -8.85366928e-03
  7.75409210e-03  3.13133329e-01  5.37712798e-02 -1.42889813e-01
 -1.13649406e-01  5.87828234e-02 -9.04274210e-02  5.23906387e-02
  5.52219823e-02  2.27530345e-01  1.53600574e-01  1.15575701e-01
 -3.49205285e-02  1.53978482e-01  2.21116543e-01  2.94464286e-02
 -2.93812323e-02 -1.32771835e-01  7.50597119e-02  1.48889065e-01
 -6.25170320e-02 -2.15545855e-02  1.44357488e-01 -7.20196497e-03
 -1.92890149e-02  2.08247267e-03 -8.29366371e-02  6.59790449e-03
 -1.17534474e-01  1.07589290e-02  8.51530209e-02  1.47750424e-02
 -1.63322002e-01 -1.74308211e-01  3.53529826e-02 -3.59230563e-02
  1.22661725e-01  1.27753153e-01 -5.56379631e-02 -5.79591282e-02
 -5.72819598e-02  9.87706706e-02  1.49766400e-01  2.61433441e-02
 -1.46077331e-02  5.08126663e-03  5.91698429e-03 -1.22417964e-01
  1.54762641e-01 -9.77628008e-02  7.65666366e-02  1.46138951e-01
 -9.92440507e-02  1.18125407e-02 -1.66573108e-03  1.37787580e-01
  1.17980704e-01 -9.44619402e-02 -1.14049606e-01  4.19495925e-02
  2.38287032e-01 -7.91070834e-02  9.38067771e-03 -2.42644802e-01
 -4.21014689e-02  2.57329941e-01 -2.11813763e-01 -1.30067719e-02
  1.30863965e-01 -2.53554642e-01 -6.37578219e-02  1.83211535e-01
  1.79362744e-01 -8.70883912e-02  2.35768929e-02  2.12233782e-01]		n	[ 0.11465554 -0.18881315  0.06482967 -0.10801362  0.23755333  0.00280407
  0.13554385  0.00311023 -0.1945463  -0.04848683 -0.13107291  0.20397016
 -0.1097674   0.44076577 -0.0826857  -0.15885559 -0.08788998 -0.0401005
 -0.05583972 -0.12175781  0.02061736 -0.076861   -0.07873227  0.12407573
 -0.00522542  0.06797629  0.18510997  0.10728417  0.04244119 -0.04398091
 -0.02422842  0.19519621 -0.04635838  0.1723441   0.05266511  0.10227437
  0.09738112  0.02913849 -0.03298856 -0.12534827  0.04380186 -0.02191083
 -0.18209188 -0.01616939  0.04980747 -0.03833253 -0.09560565 -0.07450803
 -0.182322    0.00991685 -0.002514    0.11468729 -0.18973312  0.13150956
  0.06142027  0.03917431 -0.03736832 -0.09002687  0.00327768 -0.04757003
 -0.1698334  -0.17765667  0.05052709  0.12981915  0.00289502  0.03962857
  0.23219779  0.21660177  0.05834902  0.08068047 -0.14660019 -0.17448093
 -0.07767972 -0.06039108 -0.0535969  -0.12440247  0.00171277  0.06376439
  0.14999878  0.10486387  0.15126662 -0.02001321  0.02944245  0.02565549
 -0.14754595  0.0281531  -0.0128726   0.04501136  0.09954895  0.1429645
  0.03132008  0.00631026  0.16494615  0.03670496  0.04772138  0.01657155
  0.02743278  0.23786618 -0.02847755  0.04659944  0.01402033  0.19879653
 -0.03260879  0.08090149  0.01677031  0.06901508  0.06518248  0.09084128
  0.15842122 -0.06507722 -0.04875106 -0.01703145  0.17293361  0.11848804
 -0.21894853 -0.1518885   0.20757994  0.2026211  -0.15189195 -0.01866524
 -0.02855032 -0.0117702  -0.03724257 -0.16134505 -0.01697032 -0.18155599
  0.04755254 -0.03871918]		[Pd+2]	[ 0.31012174  0.3348144   0.2234166  -0.1965856   0.3504516   0.2496495
  0.26646042  0.10561584 -0.09323747 -0.06712434  0.28789383 -0.01417413
 -0.05954586 -0.03642775 -0.08247837 -0.16969591 -0.25989035 -0.1780731
  0.10044948 -0.07024264  0.13041818  0.23083517 -0.02216444 -0.18735841
  0.19311813 -0.12366042 -0.18119696 -0.0777014   0.2880457  -0.16746815
  0.09653293  0.1684251  -0.0465745  -0.09683457  0.05834912 -0.20282574
  0.12640712 -0.09207656 -0.1261576   0.2128009   0.39439598 -0.01398518
 -0.00483104 -0.14546092  0.5070537  -0.02286296 -0.11612887 -0.24595322
 -0.2765136   0.20536694 -0.28346547 -0.13635573 -0.1304401  -0.15392613
  0.08294515 -0.08489714 -0.26253068 -0.00229104 -0.03606394  0.06192489
 -0.25197843 -0.14202815  0.2023614  -0.01589935 -0.12153144  0.09270049
  0.10194821  0.20625834  0.11670925 -0.1612906  -0.08776939 -0.06693343
 -0.20648919 -0.1797608   0.16597198  0.07559937  0.04182459  0.15789245
 -0.06538833  0.01454587  0.11167146  0.13823393  0.0795596  -0.02536921
 -0.10922583 -0.16994731  0.25635806  0.12508795  0.04846656  0.07260336
  0.0372256  -0.22880721 -0.15881906  0.23989764 -0.17459063 -0.2984175
 -0.06838328 -0.07107959  0.01852288  0.11139674  0.16748236  0.24909166
 -0.1538263  -0.24542679  0.09785102  0.09481364 -0.09995185 -0.04341191
  0.05497554  0.19985797  0.18214211  0.00147436  0.0412073   0.18430613
  0.04743163 -0.04347217 -0.07239857  0.08904295 -0.12346867 -0.19652484
  0.16364312 -0.04966849 -0.14861092 -0.09082413 -0.13630465  0.21588168
 -0.03831566  0.3744289 ]		F	[-0.01983027 -0.13839318  0.28077847 -0.07371251 -0.02743502  0.21016859
  0.28460574  0.12665832 -0.04939418 -0.42870873 -0.0824676   0.01020406
 -0.4714527   0.01811219 -0.08018832  0.05961179 -0.11502986  0.03182109
 -0.23878129 -0.08067832  0.01152993 -0.03116598 -0.05515073  0.09865008
 -0.25736842  0.17189614  0.0964756  -0.17536472  0.30780464  0.17832667
  0.4776472   0.1883548  -0.22402295 -0.01658004  0.20595355 -0.25516123
 -0.29506442  0.22516763 -0.16275835 -0.07948922  0.25927758 -0.23809978
  0.16927864  0.03371524  0.23716018 -0.12429622 -0.00569928  0.08904109
  0.03050506  0.02615642 -0.03387886 -0.07364243 -0.19136153 -0.10023977
  0.1366967   0.02770816 -0.20738722  0.208654    0.06866877  0.05884991
  0.279564    0.08886694  0.05261191 -0.00721024 -0.02109611  0.01871558
  0.06392136  0.12743373  0.16791773 -0.00785171  0.14783002  0.15785985
 -0.21594036 -0.08263358  0.06667049 -0.16579753  0.04447776 -0.11150233
 -0.12726867 -0.06994037  0.13184077  0.08004447 -0.05094778  0.02448067
 -0.09448259  0.07141506  0.00307858  0.23948108  0.15181978  0.2866889
 -0.25254223 -0.0185116  -0.05568423  0.06866658  0.03594071 -0.07138568
 -0.08087786  0.0518463   0.41984305 -0.0887765  -0.19291395  0.16397248
 -0.18904589  0.22812818  0.01827924  0.03481959 -0.0901402   0.06936205
  0.02022937  0.04343303 -0.17377517 -0.09796693  0.10828371 -0.21725133
 -0.11968811 -0.21311668  0.20441155  0.1391825  -0.14380112 -0.05336678
  0.16311161 -0.11641771  0.0175967   0.09988421 -0.04849838 -0.2678053
 -0.09326896  0.05061536]		Br	[ 0.03152607 -0.05802017  0.05622848  0.10678689  0.14274052  0.09044422
  0.06926147 -0.09948146 -0.20242581 -0.0096059  -0.28672117  0.15041706
 -0.2727897   0.11149593 -0.20453943 -0.30384108 -0.29146335  0.08007744
  0.00319813  0.04844794 -0.01314341  0.0662633   0.3325393   0.2798958
  0.20539375 -0.05287996  0.02755722 -0.07885852  0.18353496  0.06367608
  0.25790754 -0.05504876 -0.05828328 -0.1566372   0.19314858  0.22973655
  0.06399113  0.23478536  0.12713024  0.05726279  0.05816445 -0.11942776
 -0.1171989  -0.09818189  0.22715941 -0.01979139  0.05099635  0.03676
 -0.08264304 -0.19943728  0.15520708  0.02132624  0.10044365  0.22463208
 -0.11912547  0.17541754  0.12346257  0.11307805 -0.05576002  0.07959557
 -0.0182141  -0.13399792  0.18196677 -0.06070084  0.11855117 -0.08334225
 -0.05296171  0.095008   -0.01095394  0.0881963  -0.08028953 -0.06227847
 -0.15582679 -0.0518182   0.07853924 -0.14952351  0.03684831  0.11273386
 -0.00088723  0.05326558  0.03681143  0.01188578  0.11668158 -0.00845611
 -0.11977626 -0.17804557  0.05185322  0.2147829  -0.03692609 -0.06954084
  0.01271961 -0.06053506 -0.14215791 -0.05145941  0.01792238  0.01067177
 -0.04403607 -0.01648113  0.05898326  0.04978769  0.05444326  0.25025344
  0.07976262  0.01837123  0.12314482 -0.00950675  0.01391125 -0.03755396
  0.10791765  0.04678616 -0.06447852 -0.00724984  0.1122256  -0.11141156
 -0.09168231 -0.16477273 -0.00959031  0.3661299  -0.10523421 -0.03867706
  0.13692465  0.01605338  0.04044602  0.12691961 -0.13545783 -0.20710959
 -0.04823811  0.18230402]		[Cl-]	[-0.25626904 -0.19744137  0.12920748 -0.07898597  0.28274336  0.19197257
 -0.16441014  0.00603407 -0.01848942 -0.3384715   0.13237165  0.00974801
 -0.15493414  0.1079503   0.09099385 -0.48962343 -0.05110446 -0.06663276
 -0.2496179  -0.03732415  0.51388633 -0.03329631  0.20217167 -0.01292161
 -0.07160825 -0.01562764  0.05544087  0.13352366  0.30028033 -0.02603985
  0.05534697  0.13379802 -0.26813757  0.00655645  0.16504927  0.23278898
  0.09955512 -0.04486043  0.05619879  0.1275757  -0.06202877 -0.03878135
 -0.12988743  0.16328669  0.02711179 -0.11546172 -0.08392995 -0.10195158
 -0.19340827 -0.0927389  -0.01896127 -0.05948972 -0.22402617  0.10728341
 -0.0443632  -0.16251686 -0.14951105 -0.07875217 -0.21825387 -0.02241233
 -0.06457367  0.08458498  0.15798739  0.07704281  0.03919792  0.2185309
 -0.0757722   0.05505956  0.08546954 -0.11432674  0.3055161  -0.05349902
 -0.17554939 -0.13345776  0.1772077   0.00754699  0.06542107  0.26076946
  0.05977464  0.14147611  0.09908212  0.00968318  0.11091205  0.04739552
 -0.353629   -0.12509024  0.03582826  0.25423938  0.01256838  0.20883873
 -0.01807032 -0.04374021 -0.21839216 -0.04645598 -0.05617299 -0.13602108
  0.23991403  0.24147114  0.07298242  0.00615838 -0.01402965 -0.05688242
 -0.17999043 -0.11279432  0.10255764 -0.01258318  0.02225046  0.16003905
  0.10752568 -0.08811805  0.01443829  0.03854486  0.36910143 -0.2000475
 -0.09601042 -0.12446602 -0.05476879  0.20144963 -0.03053436 -0.09666812
  0.28570527 -0.08448623 -0.05372496  0.07338922  0.0107032   0.04398964
  0.09472141  0.13514045]		[K+]	[ 0.20443445 -0.02960638  0.23906718 -0.18421176 -0.03783764 -0.05044086
  0.15910229 -0.05758335 -0.15994766 -0.0607446   0.0314676  -0.04569074
  0.0929441   0.30262232 -0.35458276 -0.44245547  0.08760667  0.12412056
 -0.0938555  -0.04145453 -0.22762291 -0.02377034  0.06125726  0.05191228
 -0.1447313   0.0285412  -0.06144042 -0.14219248  0.5319731   0.17786089
  0.34076115  0.23705672  0.04499962  0.20798    -0.11185466  0.30195853
  0.22127326  0.1889747  -0.0506609  -0.16199744  0.2634763   0.00966473
 -0.16358659 -0.08176791  0.09322681  0.16859592 -0.02566811 -0.02669966
 -0.0449178  -0.19322258  0.15361069  0.00479999 -0.24398357  0.33218023
 -0.05276539  0.05335595 -0.04418579  0.22608206 -0.05564728  0.10193593
 -0.16019146  0.22836635 -0.01270617  0.05303458  0.1347398   0.01280874
 -0.20113221  0.20554459  0.05604485 -0.25948656 -0.06316344  0.13960408
 -0.14205033 -0.06674071 -0.01406561  0.31893593  0.13253663  0.16172417
 -0.02907713  0.07224459  0.0732198   0.16781138  0.00515352 -0.22609799
 -0.3521903  -0.22231801 -0.00055603  0.28092587  0.23863755  0.07589625
 -0.27655798 -0.14601022  0.04179522 -0.25461182 -0.26547116  0.05561095
 -0.16400477  0.17017625 -0.13174373  0.15600032 -0.08504535  0.21908109
  0.10162169 -0.27233177 -0.11507846  0.08740862  0.18087909 -0.10478862
  0.35103625  0.04778577  0.06772399  0.09845588  0.15923963  0.14020064
  0.03133488 -0.09416208 -0.1232114  -0.25156063 -0.17282331  0.00271922
 -0.09122014  0.0056625  -0.09875379 -0.35716316 -0.12985191 -0.11460066
  0.10509484  0.18812537]		I	[ 0.1539183   0.02987665  0.00586606  0.01974267  0.02251215 -0.01313621
  0.29257333 -0.01953972 -0.27598938 -0.11586334 -0.00767164  0.24618278
 -0.15791622  0.03973873 -0.14117797 -0.3123833  -0.27005625  0.14747836
 -0.11087465  0.16374762 -0.00143553  0.10847707  0.29293054  0.3357402
  0.11331229 -0.0035683   0.05049619 -0.25620294 -0.06269749  0.0310474
  0.23518442 -0.02030632 -0.32112196 -0.23531747  0.2971011  -0.10114518
 -0.12122973  0.10370749  0.09735771  0.12053233  0.20993409 -0.16156894
  0.11932916 -0.13535863  0.3311258  -0.0912044  -0.16979925 -0.06614695
 -0.09419791 -0.16288345  0.23654325  0.08823788  0.28004426  0.350616
 -0.11734195  0.11688849 -0.01800395 -0.00587528 -0.03082177  0.01993179
  0.07818546 -0.24524525  0.15677199 -0.23228599  0.16405241 -0.2638968
 -0.0628401   0.18233378 -0.03796692  0.07447335 -0.0891142  -0.17926107
 -0.19457741 -0.11165092 -0.0089089  -0.27271095  0.17079164  0.11839715
  0.1400864   0.13430558 -0.18003364 -0.1565386   0.09377468 -0.01519124
 -0.19621083  0.04838411 -0.04680275 -0.12891962 -0.08918804  0.0486368
  0.05755951 -0.03085712 -0.12770766  0.00387943  0.03884105 -0.18972117
  0.04925959  0.2187558  -0.03467472  0.3543608  -0.08878661  0.37624684
  0.13760494  0.13942121  0.20460418 -0.05828883  0.07868728  0.00280013
  0.08540566 -0.0291929   0.03135653  0.09456192 -0.34018645 -0.01979576
  0.00675297 -0.16668537 -0.05723682  0.27802116 -0.24061155  0.24278024
  0.14557722  0.22582382 -0.19943014 -0.00196135 -0.15817112 -0.23360977
 -0.00264517  0.20675552]		4	[ 0.06926086 -0.08876643  0.21791686 -0.05247208  0.22138476  0.00170684
  0.1556821  -0.06068321 -0.2715811   0.42052677  0.10221729  0.17606166
  0.03594686  0.255202   -0.16228388  0.08336127  0.04260857  0.10126233
  0.33170062  0.07586318 -0.22585772 -0.12485569  0.10457379  0.2028557
  0.06560966 -0.15366188  0.08439746  0.02045166 -0.17080417  0.1708397
 -0.04349119  0.25332946  0.06827124  0.03757879 -0.11785779  0.0550635
  0.1383029   0.22353786 -0.02549656 -0.08121076  0.0844679   0.1847102
  0.01733948  0.0762685   0.07943828 -0.14491242 -0.08447668 -0.27578747
  0.0489566   0.08213991  0.07953651  0.07683279  0.08327901  0.1963917
  0.13381208  0.06174611 -0.07163808  0.04977921  0.10832845 -0.0257192
 -0.09186558 -0.10455773  0.07390572  0.21542856  0.17678542 -0.09906458
  0.27952892 -0.02309771 -0.18220147  0.00191314 -0.15715152  0.12883052
  0.02162466 -0.08558811  0.16150215 -0.00683801  0.00398432  0.06410646
  0.14889286  0.12567236  0.09403206  0.0730776   0.03417772  0.03720144
 -0.23214892 -0.10141154  0.20433551 -0.02263071  0.11495616  0.0135964
  0.16420713 -0.09152801  0.01492394 -0.16861528  0.23847659  0.19124997
  0.03788874  0.1220505  -0.08616693  0.224576    0.09943362  0.34893143
  0.18700889  0.08974043  0.05781013 -0.08330993  0.20925103  0.12449715
 -0.0689963  -0.03162452  0.06331879 -0.09067195  0.1087741   0.29421937
 -0.14958327  0.06933443  0.0779558   0.16822074 -0.03303656  0.19253743
 -0.0530233  -0.0553388  -0.2793145  -0.15597229 -0.0952808  -0.20220797
  0.12214649  0.09580285]		-	[-0.04188903 -0.19579105  0.35807973 -0.16662219  0.17926711  0.21216191
  0.00869906 -0.20970105 -0.32436854  0.05543345 -0.02272295  0.13505362
 -0.2375883   0.15466    -0.02083969 -0.00899072  0.19447215 -0.16607882
  0.18081488 -0.0860276   0.07008532  0.02063405  0.03484692  0.28637788
 -0.09484659 -0.24508882  0.17506139  0.14349301  0.03436112 -0.02563166
  0.01897268  0.13492592 -0.15730736  0.12414264  0.01036146  0.30931732
  0.18328561  0.08675332  0.15690759 -0.09290691  0.07092129 -0.03192868
 -0.12739114 -0.05614205 -0.05867424  0.1134769  -0.17702399 -0.03661199
 -0.03457842  0.24576347 -0.01236488  0.14714871 -0.14329185  0.11815244
 -0.08976452 -0.00634175 -0.11068799  0.07561907  0.06821813  0.03492273
 -0.05482181 -0.1673203   0.2047212   0.17032194  0.22937785 -0.05748545
  0.1924517   0.04064662 -0.03175202 -0.05371404  0.17826079 -0.06400485
 -0.09259501 -0.02156612 -0.04187088 -0.0589324  -0.06463777  0.0480407
  0.07386758  0.19867536  0.11736567 -0.02453213 -0.01136028  0.09474412
 -0.13149822  0.02858559  0.07989495 -0.01412108 -0.09477377 -0.07305771
  0.14419287 -0.00312559  0.04669449  0.03338844  0.06465832  0.06402007
 -0.01075468  0.14636347 -0.24275509  0.218126   -0.12126521  0.24251726
  0.14619488 -0.00934017 -0.02118622  0.02835841  0.14224714  0.09555549
  0.15827404 -0.13703762  0.08923382 -0.00540538 -0.03344589  0.12236339
 -0.09598538 -0.19339156  0.33688453  0.2291695  -0.13607377  0.01163763
  0.07165617  0.13380264  0.07619631 -0.12054001 -0.03164779 -0.0977379
  0.35130706 -0.07315578]		S	[ 2.50186846e-02 -1.38367712e-01 -7.06011653e-02 -2.10213661e-01
  3.52918506e-02  3.12088042e-01  2.93653548e-01 -1.01422049e-01
  5.96881844e-02 -2.46823072e-01  6.34379238e-02  4.59014587e-02
 -1.13856636e-01 -1.57549158e-01 -1.97550997e-01 -3.54712784e-01
 -8.74884203e-02  7.90512413e-02  6.86760768e-02  3.23952585e-01
  7.22708479e-02  1.30983770e-01 -4.53212298e-03  1.83620736e-01
 -8.10218975e-02 -1.36116341e-01 -2.25187615e-02 -1.50303468e-01
  2.40804981e-02  1.13892734e-01 -3.27276960e-02  1.27381817e-01
  2.61821672e-02 -3.03482413e-01  2.05881685e-01  3.20284851e-02
 -1.14977688e-01  2.75794089e-01 -2.11344868e-01 -1.26364604e-01
  1.02079041e-01  1.96672939e-02  7.07947975e-03 -4.50702310e-02
  3.41646560e-02  3.64030227e-02  4.65694405e-02 -1.52067104e-02
  6.69068657e-03  1.61664844e-01 -6.96520135e-02 -2.15353757e-01
  1.37356177e-01 -2.76645105e-02 -5.59046026e-03 -6.96450621e-02
 -1.76164582e-01  1.91361889e-01  1.91818383e-02  7.44336918e-02
  1.86469004e-01  1.79786056e-01  1.39531657e-01 -8.06290284e-02
  8.52974877e-03  3.50077860e-02  5.11291325e-01 -6.42951280e-02
 -1.81478873e-01 -7.99288228e-02 -4.69557755e-02  2.62639523e-01
 -1.13623023e-01 -2.47556433e-01  3.45228016e-01  3.54056396e-02
 -5.15899323e-02 -9.81713645e-03 -3.70242223e-02  1.80088148e-01
 -3.77518386e-02 -3.84294540e-02  1.06906645e-01  5.44998050e-02
 -4.49910611e-02 -1.09382476e-04  1.28239440e-02  5.21399565e-02
 -1.62228756e-02  2.11813718e-01  5.41942194e-02 -7.76602030e-02
 -7.20904861e-03  1.40047967e-01  1.03966147e-01 -4.74100374e-02
 -7.57814348e-02  7.88334310e-02  9.08677578e-02 -9.78200808e-02
 -3.34763480e-03  2.07219854e-01 -1.12862080e-01  4.76294048e-02
 -1.49722323e-01  1.20950960e-01  4.91954349e-02  1.12184517e-01
  2.32141301e-01  1.89687580e-01  6.92784041e-02 -1.89274818e-01
  5.00774905e-02 -3.92790362e-02 -1.27695248e-01 -1.94024965e-02
  1.12346113e-01  1.14896618e-01 -4.29230295e-02  2.85284761e-02
  1.36164859e-01 -5.94307631e-02  1.20777965e-01  2.37160102e-01
 -2.09112719e-01 -1.37425018e-02  1.60255447e-01 -9.80250016e-02]		#	[ 0.33183432  0.0235272   0.07915138 -0.02936901 -0.12082078 -0.07314945
  0.05717295 -0.03480772 -0.30088553 -0.11675159  0.07794333  0.03574725
 -0.25797775  0.21893486 -0.15807985 -0.21932973 -0.1552385   0.15846479
 -0.08777794  0.07906591  0.14480545 -0.0093284   0.03944133  0.17788345
  0.05893006  0.02057281 -0.29884994 -0.2576602   0.00107766 -0.16099529
  0.0719693   0.06240736 -0.01174713  0.08547444 -0.10193962 -0.08670834
 -0.05198489 -0.09778432 -0.03134784  0.06379858  0.20733704 -0.04970908
 -0.01681923  0.03828454  0.0628663  -0.26388797  0.02130748 -0.11335114
 -0.09437019 -0.04427518 -0.0605544   0.12430371 -0.04528339  0.1586116
 -0.02379322 -0.00961705 -0.2298129   0.11333823 -0.11590282 -0.0297179
 -0.03161626  0.05424297  0.04893757 -0.13748078 -0.15834844  0.11215992
  0.22621422  0.20280541 -0.07233257 -0.11074605 -0.1679504   0.07536323
 -0.10192972 -0.25305375  0.4026463  -0.07668083 -0.03016856  0.08042112
 -0.01637593  0.08789241  0.0635145   0.06283218  0.12628    -0.10050359
 -0.13410613 -0.06835707 -0.20550688  0.00410047 -0.02642966  0.15212215
 -0.19875035 -0.1191377  -0.02188686  0.08459651  0.07692366  0.00192395
 -0.09227008  0.16147228  0.09618192  0.08128321 -0.00946006 -0.09248693
  0.00252009  0.14022997  0.13217956 -0.10391109 -0.03711877  0.03772373
  0.2725826   0.11606039 -0.13748811 -0.14792801  0.17785817  0.10745419
 -0.14495514 -0.13597617  0.0756024   0.36733407 -0.09864391 -0.02759263
  0.02566431 -0.03110345 -0.08850888 -0.31331405 -0.01163812  0.03100396
 -0.17738952 -0.12688747]		[N+]	[ 1.17064156e-02  1.95434943e-01  1.44528523e-01 -4.16592956e-02
  2.44089693e-01  1.96049195e-02  1.78184032e-01 -2.09783223e-02
 -1.02998860e-01  9.25621316e-02 -3.75121713e-01 -2.19718143e-01
 -1.86182335e-01 -3.53804305e-02 -4.26886499e-01 -6.63736984e-02
 -2.23406404e-01 -1.57452494e-01 -2.33032107e-01  1.86742395e-01
  2.62004826e-02  1.32354945e-02  4.98665776e-03  8.85642618e-02
 -8.40348676e-02 -2.66759366e-01 -1.29795939e-01 -1.98540106e-01
  1.10066362e-01 -1.27802193e-01 -1.27040789e-01  1.66521922e-01
 -1.34434953e-01  3.72397644e-03  1.81542654e-02 -9.59943514e-03
  1.68182895e-01  4.47175931e-03 -1.16161972e-01 -1.11374080e-01
  1.15602888e-01  1.46401674e-01  7.08134621e-02  1.26196131e-01
  1.64647654e-01  1.73323140e-01 -1.25230551e-01 -2.53560871e-01
 -9.28559080e-02  3.64873074e-02  1.18359774e-01  8.90490338e-02
 -3.67670469e-02  2.78770626e-02 -1.94773421e-01  7.30189383e-02
 -5.60029484e-02 -1.60321087e-01  5.21247908e-02  8.80338326e-02
  2.20883653e-01  1.10672757e-01  5.44082150e-02 -1.18240602e-01
  1.08012781e-01 -9.99292806e-02  8.37516710e-02  8.65454748e-02
 -1.20417081e-01 -4.37426157e-02  4.89921570e-02  2.45169386e-01
 -6.17290847e-02  2.39897799e-02  2.11034372e-01 -3.59931466e-04
  1.88925892e-01  8.97687823e-02 -1.33268028e-01  3.35718691e-02
  1.35291249e-01  1.78590059e-01  3.67118120e-02  6.85779601e-02
 -3.36494178e-01 -9.06118080e-02  2.82984823e-02  2.40464613e-01
 -6.49745613e-02  2.93866009e-01  9.65997279e-02 -1.59262717e-01
  1.40478611e-01  6.74471334e-02 -3.44827175e-02  1.03689663e-01
 -4.65444736e-02 -4.63860445e-02 -7.56567195e-02  3.04394811e-01
 -4.07175086e-02  2.08684415e-01 -5.41245379e-02 -7.01211840e-02
  4.51424606e-02 -8.78777530e-04  1.54476032e-01  1.61177501e-01
  2.33896345e-01  1.56115189e-01  1.64319247e-01  2.81954613e-02
 -6.00667074e-02  1.22507490e-01  6.48167506e-02 -6.08506985e-02
  1.51866570e-01  3.53565849e-02 -5.75376162e-03  3.06052268e-02
  2.06161123e-02  3.06315161e-02 -4.59104955e-01 -3.60257745e-01
 -1.08601086e-01 -6.05053781e-03 -1.46845788e-01  2.68501699e-01]		Cl	[ 1.17706671e-01 -5.90402260e-03 -3.03151727e-01 -2.88762059e-02
 -8.94876420e-02  2.80015111e-01  1.34635895e-01  4.64912243e-02
 -9.90889594e-02  1.52812272e-01 -7.35057443e-02  3.98038290e-02
  6.07579947e-02  3.17392379e-01  1.83481835e-02  7.91206360e-02
 -1.77325115e-01 -2.14963928e-01 -2.37520918e-01 -4.26084623e-02
  3.81399781e-01  1.03117011e-01  1.06902812e-02  3.80003959e-01
 -1.38707653e-01 -2.03540623e-01 -1.16407506e-01  3.58230174e-02
 -1.23615423e-02  2.85050809e-01  2.29054451e-01 -1.96942762e-02
 -2.14983895e-01 -1.70583040e-01  8.61706883e-02 -1.42293066e-01
  1.60171032e-01  1.60532504e-01 -8.00793916e-02 -1.94202542e-01
  1.63740739e-01  3.60716581e-02 -8.84084627e-02 -1.67529777e-01
 -1.02988526e-01  5.71500100e-02  1.94561947e-03 -2.14052796e-01
 -1.77925333e-01 -7.42447050e-03  4.41098772e-03 -9.52248573e-02
 -1.76037967e-01  1.99796066e-01 -2.68068351e-02  4.79412712e-02
 -4.33861464e-02 -1.01942517e-01  6.08856827e-02 -1.62434038e-02
 -5.61654978e-02  9.27937329e-02  7.46753514e-02 -4.86647114e-02
 -3.48477275e-04  5.10568693e-02  2.41284356e-01  2.38896534e-01
 -5.36584249e-03 -1.02851056e-01 -1.33298198e-02 -1.10809296e-01
 -2.07911432e-01 -2.23402828e-01  1.30075365e-01 -9.51092876e-03
 -3.42538767e-02  1.71316713e-01 -3.23024914e-02  1.22329472e-02
  2.37034395e-01 -1.95861645e-02  9.86720771e-02  7.46572763e-02
 -2.47593760e-01 -1.20556295e-01 -1.46733120e-01  1.74010992e-02
 -6.17198758e-02  4.02923852e-01 -5.30660972e-02 -8.75770301e-02
  1.53565526e-01  1.16323687e-01  1.02831677e-01 -1.74298093e-01
  1.15694078e-02  7.33116567e-02  7.46085569e-02 -3.37209972e-03
 -2.28318170e-01  1.76644742e-01  1.95920393e-02  1.52524874e-01
 -5.59794344e-02  5.99995255e-02  1.07007660e-01  1.38279691e-01
  1.81697577e-01  9.93501097e-02  2.28934482e-01 -1.57855168e-01
  4.22266573e-02 -1.82574496e-01 -6.36780858e-02 -4.20930862e-01
  2.79458553e-01  1.41001329e-01 -3.16403098e-02  7.58387893e-02
  7.33342692e-02  5.21325432e-02  2.83928253e-02  9.94261578e-02
  1.70771964e-02 -4.52562273e-02  2.29391143e-01  7.87267834e-02]		[Pd]	[ 0.8635384   0.4922741   0.20364481  0.13188776  0.2943653   0.3378121
  0.30424154 -0.1331178   0.14879796  0.1847485   0.21099539  0.30080155
 -0.60858655  0.5000011  -0.4444931  -0.02426893 -0.09598266  0.30604976
  0.6045416  -0.39803863  0.03029429 -0.4092822   0.23449573  0.09520182
 -0.22407533  0.4685174  -0.05638268 -0.3401045   0.06483191  0.12439974
 -0.08179654 -0.13467298  0.00555421  0.02864613  0.01876812 -0.33712333
 -0.04167947 -0.06207968 -0.06085585  0.05039923  0.2812785   0.22096266
 -0.02526037  0.18261929  0.21319604  0.1896162   0.04817186  0.24435721
 -0.18037973 -0.15241899 -0.15102287 -0.1038029   0.00440087  0.04656691
  0.01758106  0.12060857 -0.02083374  0.01830333 -0.19847155 -0.06896724
  0.34346285 -0.14507559  0.3017186   0.30645308 -0.08735919 -0.10635895
  0.377787    0.27100652 -0.02859122 -0.17429441 -0.09692865  0.00347473
  0.05327194  0.03251398  0.11313041 -0.03082384  0.01857598  0.1071672
 -0.26646155 -0.08378746  0.01076071  0.2426222  -0.19131443 -0.26084638
 -0.13272431 -0.0448367   0.25556502 -0.02600464  0.2339053   0.2607945
  0.0622135  -0.2575779  -0.1216465   0.25104004 -0.16342987 -0.03410379
 -0.11445107 -0.27939022  0.00920121 -0.21284316  0.27873436  0.06421911
  0.19546592  0.149289   -0.10464385  0.17302184  0.14241193  0.10322066
 -0.18363985  0.00687426  0.33955014 -0.24448462  0.36246312 -0.05900944
 -0.10950464 -0.33907086  0.17442207  0.05440184 -0.12396366 -0.12474149
 -0.05153935 -0.06637122  0.53890616  0.4055871   0.05873962 -0.2498307
  0.18177688  0.48233882]		[Na+]	[ 2.4411890e-01  9.9997386e-02 -3.5445966e-02  1.8744947e-02
  2.2171247e-01 -2.0146388e-01  1.1474268e-02  2.4686471e-01
  2.8529859e-01 -9.7465998e-01 -1.0063652e-01 -2.7244687e-01
 -4.0472221e-01  1.2201541e-01 -7.2394387e-04 -5.4177111e-01
 -1.7205073e-02 -7.2547071e-02  3.3702265e-02  1.8004628e-01
  3.2292869e-02  9.8537154e-02  1.8601817e-01  1.7536524e-01
 -3.3154437e-01  1.5255527e-01 -2.1612206e-01 -2.5193322e-01
  3.4814891e-01 -2.1576953e-01 -1.4149120e-01 -1.4829831e-01
 -2.4330167e-01  7.4162290e-02  4.7707085e-02  1.9802538e-01
 -1.1991936e-02 -2.7103728e-02 -6.2383249e-02  1.2132307e-01
 -3.0912656e-01  1.1652598e-01  7.0790641e-02  1.4119169e-01
  2.7066821e-01  1.6656017e-01 -2.4773100e-01 -2.4250935e-01
 -2.2072460e-01  1.4932349e-01 -6.1092386e-03  1.7983341e-01
 -9.0158232e-02 -1.0466857e-02 -1.9498965e-01  6.5261468e-02
 -5.1910706e-02 -5.2093823e-02 -1.8591744e-01 -2.0843564e-01
  7.7202559e-02 -9.4727054e-02 -2.3113362e-02  5.6850262e-02
  6.5695018e-02 -1.5669264e-01  1.4695378e-01 -2.1833657e-01
  5.6860279e-02  9.6131630e-02  9.0731364e-03  2.8244686e-01
  2.9274817e-03 -1.2166257e-01  1.0662215e-01  6.2689185e-02
  2.5671506e-01  8.4441513e-02 -5.0398868e-02 -1.3230470e-02
 -8.9729488e-02  2.3078698e-01  1.6473822e-01  1.6575381e-01
 -3.1960484e-01 -3.3236647e-01  8.4378950e-02  1.9973131e-01
  8.2072737e-03  1.1019062e-02 -9.2125587e-02 -2.0425783e-01
  7.7124991e-02 -1.8718792e-01  5.1893443e-02  7.4543771e-03
 -1.5321764e-01  6.3013658e-02  1.3101135e-01 -1.3067679e-02
 -1.1607467e-01  2.2486404e-02 -4.0252820e-02 -1.5002076e-01
 -2.5918386e-03  1.1185343e-01 -9.1004893e-02  1.6869125e-01
  2.2090375e-01  8.6899936e-02 -2.3571116e-01 -8.4833048e-02
  2.2645940e-01  1.2123909e-02  9.5171034e-02 -3.0732924e-01
  2.8675815e-01  5.7171112e-01 -6.0825132e-02  6.4126730e-02
  2.7820009e-01  1.7374831e-01 -2.5447106e-01 -4.5172262e-01
  1.1184974e-01 -1.3587913e-01  9.0588532e-02  1.5402982e-01]		o	[-5.84959090e-02 -1.48102641e-01  1.47639021e-01  2.33830020e-01
  1.11828133e-01  2.52985835e-01  6.23511262e-02 -1.94363911e-02
 -4.08855885e-01  1.54713497e-01 -5.33254929e-02  2.88765766e-02
 -2.66898274e-01  3.24947149e-01 -2.52282530e-01  8.96226391e-02
  2.40738094e-01  1.17762480e-03 -1.47513896e-01 -3.14883679e-01
 -1.37658222e-02  1.79259449e-01  1.14726178e-01  6.71786889e-02
  5.01937531e-02 -5.73315769e-02 -3.84012563e-03 -2.77907759e-01
  1.67175695e-01 -3.69221926e-01 -1.95135340e-01 -2.43068621e-01
 -3.49849433e-01  2.63501308e-04 -1.94934923e-02  1.36619389e-01
  1.27989411e-01 -1.14136755e-01 -3.70781310e-02 -2.46976063e-01
  1.90249279e-01 -2.15784665e-02  3.57236527e-02 -2.62681425e-01
 -8.38165209e-02  2.47339949e-01  4.27436270e-02 -5.53193763e-02
 -2.11579185e-02  2.57209927e-01 -3.00914556e-01  9.58063900e-02
  1.85437233e-03  2.49641985e-01 -3.62952314e-02  1.31467819e-01
 -1.53642192e-01  8.13126415e-02 -2.05045869e-03  2.07203180e-01
 -1.93604454e-02  1.47759870e-01  6.97016045e-02 -7.06982538e-02
 -1.68234974e-01 -1.14962280e-01  1.69897407e-01  1.22680821e-01
 -1.42751038e-01 -1.63642049e-01  5.87362982e-03  2.38024592e-01
  4.93234880e-02 -6.89556897e-02  1.13689072e-01  3.25571075e-02
  1.15440255e-02  1.99345052e-01  1.75095081e-01  4.44228835e-02
 -8.87274221e-02  1.21707603e-01 -1.83426604e-01 -1.74718291e-01
 -1.36720315e-01 -4.41564247e-02  1.18105799e-01 -9.99853536e-02
  1.31439298e-01  1.68130025e-01 -1.21165372e-01  1.17579423e-01
  2.23365754e-01  3.94607075e-02  5.31082600e-02 -1.45543972e-02
 -1.69981137e-01  3.07387054e-01 -4.75156605e-02  2.07205236e-01
 -2.99810488e-02  9.17243510e-02 -3.41375149e-03  1.27180656e-02
 -8.27411376e-03 -7.37408400e-02  1.26233652e-01  2.02460006e-01
  8.19337815e-02 -2.00082004e-01  1.31049880e-03  2.36426592e-02
  4.35314663e-02  9.46009979e-02 -4.47527915e-02  3.68298925e-02
  2.29317322e-02  1.68441683e-01 -2.51025110e-01 -3.11612114e-02
  1.79552808e-01  1.79456756e-01  1.91087708e-01 -2.46792793e-01
  4.29182164e-02 -4.53760624e-01  2.75440127e-01  1.04706250e-01]		[Si]	[ 0.25474054 -0.08419673 -0.2347564   0.19025315  0.21775855 -0.12818831
  0.10082567 -0.04940116 -0.42203963  0.02100081  0.12899594 -0.06730783
 -0.09231676  0.06557547 -0.34027675  0.32192168 -0.10291056  0.34082624
 -0.05238137  0.14972763 -0.11392149 -0.16758786  0.11163644 -0.10018826
  0.16317184  0.07320666 -0.14862017 -0.21051314  0.2899221   0.06707609
  0.18698107  0.16729257 -0.23991868  0.15160204  0.28667623 -0.11719073
 -0.10831635 -0.13199687 -0.501555   -0.2961968   0.47873574 -0.1570643
  0.07457183  0.2147348   0.12039617  0.08927241  0.0665499  -0.40756643
 -0.3033889  -0.28451872 -0.11382467 -0.13510984  0.2072202  -0.00320361
 -0.24524996 -0.05331904 -0.4355656  -0.20284548 -0.14544031  0.01948675
  0.13532773 -0.04762289 -0.01833896  0.09592808 -0.05256892  0.14047639
  0.07763111  0.2877434  -0.13514382  0.02877411 -0.07469607 -0.14039844
  0.050897    0.06938855  0.2817246  -0.16701321  0.08723887 -0.02553796
  0.24150753 -0.1786832  -0.27639058  0.30740404  0.1339695   0.1916785
 -0.09380537 -0.07277934  0.09763078  0.00544475  0.37348276 -0.04783338
  0.08597975  0.11295674  0.13886786 -0.14944497  0.1309077   0.16014826
  0.04599103 -0.24225026 -0.12005168 -0.02624528 -0.04592441  0.13852523
 -0.13926391 -0.04131347  0.03084239  0.18499516  0.3265356  -0.16802408
  0.0362927  -0.27913275 -0.11669136  0.14511181  0.30055365 -0.2275046
  0.2692347   0.13615198 -0.07901261  0.37157193 -0.19512096  0.13820863
  0.04871611 -0.40460348 -0.43693647 -0.15612756  0.08214566 -0.27549922
  0.02474114  0.256402  ]		[nH]	[ 0.05166782 -0.32101575 -0.01323568 -0.34127977  0.1453726  -0.03307912
 -0.09355668 -0.28756258 -0.09568354 -0.3735057  -0.0911096   0.1887
 -0.3681215   0.49589872  0.3876963  -0.14187635 -0.15856549 -0.05567037
 -0.19885877 -0.25742084  0.09477556 -0.29756847 -0.13244124  0.17947654
 -0.25454396 -0.01474051 -0.120038   -0.10043807 -0.12534358 -0.09697479
 -0.1278938   0.05280112 -0.24794118 -0.1773903   0.02620967 -0.01789417
  0.08861409  0.14843698 -0.03212252 -0.15843187 -0.27547625  0.03749105
 -0.03133775 -0.0907131   0.13121928  0.12786384  0.14501508 -0.16890034
 -0.19085938 -0.00104591  0.04307395  0.04401291  0.10017801  0.04312142
  0.08958547  0.18345882 -0.03659931  0.13870852 -0.0090164  -0.16526653
  0.12023314 -0.10532121  0.11976287  0.11844485 -0.14984605 -0.03137008
  0.40150762  0.29758173 -0.11869293 -0.03440412  0.13448346 -0.01223529
  0.03342032 -0.31076208  0.05482871  0.08986909  0.02279874  0.13980784
  0.14772089  0.02605035  0.14917555 -0.1464672  -0.04927605  0.09165261
 -0.24921215 -0.1299259   0.15338203 -0.24431272  0.287434   -0.003042
 -0.18184431 -0.09635779  0.18317874  0.07670257  0.1862787   0.10397545
  0.26907575  0.37724492  0.13241076  0.07253399  0.4301095   0.2030548
  0.1697105   0.14657696  0.1619384  -0.03296246  0.15851887  0.27281535
  0.04370126 -0.13625437 -0.00751092  0.13203569  0.33711457  0.02868358
  0.03537437 -0.1510528   0.05952146  0.17946906  0.03497063  0.14834121
 -0.00608075  0.01576663 -0.03218708 -0.24511148 -0.10174477  0.18673179
  0.0629626  -0.01853844]		[Br-]	[ 0.17667823  0.00072108  0.36304665  0.01166104  0.20205039  0.28617775
 -0.06766038  0.0061856   0.05186887  0.16258647 -0.10594658 -0.3726655
 -0.32056698  0.11413388 -0.71966356 -0.341212   -0.43524808 -0.12777677
 -0.44333276 -0.18540621 -0.07982525 -0.16578706  0.3754472   0.11022315
 -0.23081459 -0.20235358 -0.2051501  -0.14341287  0.09146272  0.1381732
 -0.08551064  0.3458834  -0.24625094  0.15433806  0.18358144 -0.08039774
  0.09620503 -0.04805524  0.05137133 -0.25357112  0.1740139   0.22553644
 -0.00960541  0.03222095  0.18252619  0.3202971  -0.22819561 -0.13473558
  0.08289129  0.34755528  0.16931728  0.21077415 -0.22509383  0.13855113
  0.15976766  0.17001513  0.16247551 -0.00272854  0.00772967  0.01515191
 -0.02511095 -0.03595937  0.1669193  -0.03765159  0.2378159   0.02952386
 -0.17426442  0.27167478 -0.18581548  0.23864724  0.26060495  0.29861602
  0.01744148  0.38154465  0.01378101  0.06789263 -0.04923243  0.16245726
 -0.23132384  0.32566676  0.1852741   0.19109453 -0.06418612 -0.06781296
 -0.29313028 -0.06558817 -0.15947182  0.10624604 -0.09247194  0.01237075
  0.00793046 -0.2297686  -0.19075315 -0.16535491 -0.33158648  0.35345164
 -0.06098363  0.22343203  0.03117399  0.25737694 -0.16509224  0.21161354
 -0.23526433 -0.21724749  0.00986592  0.34484118  0.18662545  0.06602351
  0.03468797  0.10623345  0.195941    0.05282094 -0.09913749  0.1015394
 -0.00330305 -0.0503475   0.18687657 -0.03897255 -0.08425593  0.10176411
  0.01577657 -0.08764916 -0.39975843 -0.24667127 -0.03935753 -0.24268174
 -0.0023963  -0.04632088]		5	[-0.26898035  0.11469363  0.07809317  0.2930236   0.52086914 -0.04096793
  0.5431638   0.18238023 -0.08489402  0.8526904   0.07908286  0.31105134
  0.1471139   0.19391614 -0.25454977 -0.05695839 -0.18309757  0.2674094
  0.2219023   0.24477375 -0.24205126 -0.1513717   0.1057032   0.21777435
 -0.01379449  0.01575589 -0.05838556 -0.3724156  -0.35325605  0.4970655
  0.2975883   0.22563116  0.1614553   0.1319526  -0.18137538 -0.00560596
 -0.0264302   0.21652259 -0.15489148 -0.21445626 -0.03319583  0.3164802
  0.11913778  0.06214113  0.25780806 -0.30166164  0.08792037 -0.31768793
  0.02900232  0.24832867 -0.08814536  0.07549323  0.25964135  0.28600806
  0.21891512  0.28909492 -0.02923866  0.19568078  0.29377913  0.03741124
 -0.09820741  0.09380992 -0.00345613  0.2621471   0.23644307 -0.10948817
  0.5097151  -0.1674356  -0.30024338  0.0018236  -0.03789721  0.37677833
  0.05896868 -0.08977567  0.33916983 -0.08594307  0.15420194  0.09557882
 -0.03549116 -0.15157713 -0.2681224   0.06981153 -0.23189633 -0.04062099
 -0.25805432 -0.08828324  0.3277286  -0.23279512  0.12350771  0.25457093
  0.33791277 -0.22955668 -0.01873346 -0.09711618  0.45903623  0.14307019
 -0.06110576 -0.19895096  0.01164748  0.47204578  0.0041971   0.2828804
  0.14877048  0.07112258  0.01775254 -0.1228739   0.1604221   0.13144685
 -0.08146489 -0.0636682   0.12739511 -0.19859456 -0.2510636   0.18961544
 -0.16245452  0.13838688  0.20546907  0.25188732 -0.05622378  0.28306827
  0.11342576 -0.02614311 -0.33973184 -0.01251056 -0.07409695 -0.14853269
 -0.00403664  0.07562364]		[Cs+]	[ 0.36878034 -0.26161623  0.10409706 -0.2678684   0.14518413 -0.24008848
  0.4933436  -0.09189749 -0.29025343 -0.42350248  0.10501105 -0.09772929
 -0.11467176  0.1391694   0.02118464 -0.0948792  -0.5099363  -0.08781536
 -0.22092295  0.09919779 -0.23057576  0.19679558 -0.06640308  0.1662334
 -0.17880403  0.10322371  0.0837763  -0.43629593  0.09437019  0.2884919
  0.19887243 -0.11178993 -0.33408847 -0.17029089  0.24646321  0.09015031
 -0.12954433 -0.17204355 -0.2710539   0.15601331  0.41209766 -0.00178508
  0.11257619 -0.08995777 -0.127343    0.5808784   0.00370139 -0.160576
 -0.35321093 -0.3108301  -0.17916252 -0.3391372   0.41560698  0.01377259
 -0.25336635  0.14820491  0.01103748  0.11628833 -0.27573705 -0.4621819
 -0.36089143  0.26581523 -0.02249654 -0.1050919  -0.00977809 -0.05163711
  0.008836    0.0388955  -0.25942096  0.04795441  0.22010721  0.50332457
 -0.18083145  0.2580198   0.03384724 -0.12948015  0.20351262 -0.13180995
 -0.10473333 -0.0874888   0.23478082  0.17696384  0.0607505  -0.19845591
 -0.09513668  0.05038958 -0.14831819  0.0348888   0.04643421  0.41269526
  0.0259901   0.02722912  0.3122871  -0.12516788 -0.09652651  0.05314034
  0.06266829 -0.06831287 -0.24309272  0.16756417  0.01182555  0.15223216
 -0.04719874  0.12039331 -0.12711304  0.00790184 -0.24820927  0.33438277
 -0.23656295 -0.00965479 -0.18723108  0.13810216  0.12712464  0.0332443
  0.05609274 -0.2641041   0.6094395   0.3636134   0.17601788  0.06312887
 -0.1103569  -0.10262803 -0.06405225  0.3477122   0.26334146 -0.17396778
  0.09378989 -0.26885778]		[CH]	[ 0.06245325 -0.3598157  -0.05472475 -0.6119075  -0.1211727   0.16516162
  0.17263225 -0.17647907  0.14033544 -0.15454936  0.65651333 -0.13616495
 -0.02829831  0.5053575   0.737476   -0.19856977  0.03846243 -0.17712574
 -0.3796783  -0.15994935  0.07469726  0.22784801  0.2975465  -0.3938632
 -0.17969856 -0.13323683  0.0302655   0.3412541   0.01347799  0.07274892
 -0.07807545 -0.40891874 -0.14968316 -0.21204615 -0.09510823  0.01865957
 -0.15699527  0.00545149  0.08561815  0.10536829 -0.11056182  0.36112282
 -0.42166469  0.08422374 -0.04103491 -0.02957751  0.16429251 -0.20673226
 -0.47626725 -0.10143141 -0.15977827 -0.05056655 -0.07198549  0.3140264
  0.11501132 -0.03813163 -0.33079192 -0.02082334  0.0934492  -0.05625266
 -0.01860217  0.08117861  0.47330987 -0.06371833  0.14484367  0.3643305
  0.30108288  0.28446537 -0.02770519 -0.2524669   0.15963213 -0.38268536
 -0.2917068  -0.00340586  0.37146592 -0.3600154   0.05917349  0.32018915
 -0.12695003 -0.09724622  0.23617016 -0.2510007  -0.07004075 -0.05658596
 -0.53372276 -0.25523818 -0.0337867   0.19450656 -0.21863627  0.6105721
 -0.10845684 -0.2578551   0.523294    0.5248049   0.05382763 -0.35212594
  0.10225337 -0.20079325  0.08775435 -0.01116745 -0.46198207  0.05719388
  0.21315669  0.11224753  0.0523546  -0.21479383 -0.06197501  0.00994764
  0.4123352   0.07123222  0.3721914  -0.15022415  0.17325597  0.02881771
 -0.54727685 -0.37165093 -0.28509766  0.6750044  -0.2878     -0.05628002
  0.08684755  0.08631364 -0.36376157  0.27898464  0.40011737 -0.22620939
  0.12515484  0.5755419 ]		s	[ 0.12044822 -0.08435627  0.22193836  0.28001446  0.10836052  0.08933648
 -0.14972474  0.21731351 -0.02771639 -0.25130445 -0.24010247  0.05945322
 -0.44727767  0.2482847  -0.2669326  -0.24563298  0.06164181 -0.13466448
  0.0725438  -0.03508123 -0.27260375 -0.27187142  0.00675664  0.00147681
  0.17156577 -0.03353321  0.09458096 -0.09438764  0.39907807 -0.2029401
  0.21236765  0.19214635 -0.08988501  0.29090172 -0.21327674  0.2392649
  0.12893018  0.18793708  0.08780609 -0.02695331  0.15546788 -0.11037225
 -0.16262789  0.15449113  0.06788766  0.01991614 -0.0675486   0.10470162
 -0.17962363  0.03925086 -0.08178859  0.10510349 -0.13804775  0.0770871
 -0.01984176  0.07030395  0.0554556   0.28033462 -0.19602185 -0.00444524
  0.05746898  0.16747391 -0.19550121  0.07069533 -0.00712308 -0.12247424
  0.15247504  0.01853049  0.0589463  -0.03659217  0.05196815  0.2797602
 -0.07169515 -0.09483557  0.11040036  0.03355052 -0.16150366 -0.00864182
  0.01714034  0.3584138   0.21983773  0.1817961   0.11600846  0.20037843
 -0.11289858 -0.14009516  0.28098765  0.04264224  0.12350442 -0.04669902
 -0.09961651  0.06829116 -0.14150277  0.03300916  0.09162039 -0.11904965
  0.09387275  0.2460307  -0.08096403 -0.04921487  0.08326475 -0.00119196
 -0.06167793 -0.03852756 -0.0775247   0.00618696 -0.12289762  0.2881153
  0.1836332   0.20424762 -0.14102711 -0.10528317 -0.11413327 -0.14695098
 -0.3682011  -0.26112357  0.35065114  0.27647    -0.27342883 -0.03982047
  0.15634324  0.02642127 -0.07162669 -0.00954705  0.03713855 -0.21345627
 -0.03113526  0.17646432]		[Ag+]	[ 0.3691905   0.11861739  0.32238364 -0.13243721 -0.07351844  0.3825055
  0.4989356   0.08202078 -0.15420128 -0.31165797 -0.1711751   0.09007788
 -0.11129721 -0.14459091 -0.14134291 -0.35729957  0.20535547  0.6379418
 -0.1873374   0.4143034  -0.59155273 -0.32902482  0.12698156  0.37200704
 -0.23444688 -0.3229184   0.10477893 -0.52655214  0.0355897  -0.17662606
  0.49108118  0.3869395  -0.51459885  0.18200873  0.21848166 -0.15248251
 -0.26959926 -0.15009806  0.23226222 -0.23780556  0.60321367  0.16149203
  0.18674417 -0.25725758  0.14825723  0.18848538  0.05417537  0.1054754
  0.02457374 -0.3498801   0.11169165 -0.0490179   0.03147791 -0.0956447
 -0.19431445 -0.1764727  -0.6376194   0.14627412 -0.04361256  0.19016916
 -0.03132091  0.16854814 -0.07377204  0.0073547  -0.22928496  0.02839029
 -0.06304961  0.05361644 -0.2532046  -0.32012776 -0.03264257  0.23487954
  0.15119328 -0.08919836  0.30010694  0.0519063   0.5233921   0.2116166
  0.03149135  0.09622222  0.084356    0.5541594  -0.0171524  -0.3431598
 -0.08096784 -0.00106115 -0.3254066  -0.01214384  0.25850305  0.24967037
 -0.44854477  0.38799533  0.17135477  0.3577314  -0.03377062 -0.23386711
 -0.5498285  -0.12259818  0.05453914 -0.09402414 -0.21131419 -0.2543304
 -0.1599131   0.17547959 -0.19620039  0.39257574  0.15735886 -0.33309817
  0.04238035 -0.32747474  0.13534226  0.00655775 -0.10587469  0.21351878
  0.24360715 -0.29928958 -0.06606228  0.616884   -0.0928196   0.13662134
 -0.09083845 -0.03411621 -0.19785126 -0.15995279  0.31639013  0.12493695
  0.40425965 -0.14030519]		[CH-]	[-0.08230424 -0.13979267  0.87071913  0.011329   -0.01854286  0.25711155
 -0.07865166  0.23877752  0.18843378 -0.37337753 -0.06953574 -0.26223448
 -0.0372211   0.5226752  -0.7527874  -0.52346355  0.18963738  0.23257859
 -0.06177971  0.44452718 -0.04087007 -0.18656397  0.18368937  0.18554403
  0.33810607  0.34596032 -0.26312056 -0.17380115  0.56140137 -0.35948223
  0.1244228  -0.05475365  0.00399134 -0.23103903  0.4430491   0.23248483
 -0.18021087  0.06961063 -0.45495838 -0.02385481 -0.01769244 -0.15966868
 -0.17887062  0.31612387 -0.02082531  0.7174229  -0.14332327  0.22082698
 -0.5113969  -0.38353038  0.05000068  0.42589286  0.2321995   0.12756139
 -0.16846742 -0.601725   -0.430609   -0.04616358 -0.16131838 -0.28978056
  0.29261914  0.3156416   0.22281845 -0.04244391  0.171901    0.05035542
  0.01464403 -0.10377459 -0.16607402  0.10965539  0.0016779   0.09914811
 -0.22086208  0.31862792  0.7592795  -0.38468143 -0.06359817  0.10294547
 -0.24382345  0.584644   -0.6717829   0.27512902  0.1386292  -0.00617736
 -0.21296975 -0.13592494 -0.08003769  0.12316093  0.15308298  0.10061593
 -0.13907167 -0.6303134  -0.5913526  -0.1392588  -0.15524438  0.12892067
  0.21140948  0.01088065 -0.06409192  0.52317065  0.05155879 -0.07699177
  0.14532526 -0.4487631  -0.24501562  0.11925101 -0.43809968 -0.2269164
  0.15030211  0.33134764 -0.11304279 -0.27133986  0.6557129  -0.35594448
 -0.06968493  0.03104627 -0.363008    0.4350396  -0.07288334  0.08576922
 -0.04509125 -0.17975843 -0.62433594  0.07360443  0.18135077  0.21650387
 -0.04091992  0.16957998]		[cH-]	[-0.01933455  0.17029448 -0.16892798 -0.39417008  0.44013348  0.13996461
  0.22385824  0.00710026 -0.1450655  -0.29173    -0.04639912  0.19269654
 -0.25342605  0.4892031   0.11187462 -0.5995848   0.04911122  0.45684657
 -0.15886928 -0.5542322   0.10275427 -0.33172336  0.06963102  0.258153
 -0.22683172 -0.04476175 -0.03804178 -0.00249971 -0.38127276 -0.04864455
  0.4104919   0.00939236 -0.15221305 -0.02180619 -0.09609335 -0.11329019
  0.04209362 -0.0409589   0.13118581 -0.17496915 -0.21040438  0.09967463
 -0.05528711 -0.07159979  0.3645385  -0.15863878 -0.04068635  0.13396177
 -0.3267432  -0.05775829  0.08019797 -0.00456968  0.14556612  0.22436142
 -0.23687333 -0.19698247 -0.16382386 -0.08937787 -0.17548661  0.22399883
  0.23870571 -0.08118879  0.15122831 -0.1564144  -0.16955175  0.08025774
 -0.10081068 -0.16814886 -0.13412555 -0.35492995  0.03775309 -0.03679685
  0.11378594 -0.31061342  0.1592387   0.07330953  0.12463711 -0.0327063
 -0.27492794  0.06635227 -0.1728286   0.253945   -0.08243591  0.21571486
 -0.24894111 -0.12374647  0.22453238 -0.09752905  0.22020914  0.0924738
 -0.30679193 -0.26900938  0.00677924  0.1980492   0.02704704  0.16196172
  0.4507242   0.17358911  0.334079   -0.20622033  0.17888801 -0.43498266
  0.23146088  0.11693963 -0.19811639 -0.00463747  0.12899469  0.03396331
  0.11856636 -0.40272444 -0.28169867  0.22345555  0.28622743  0.06354865
  0.09916429 -0.12880522 -0.13387421  0.3048843  -0.10662421  0.16562648
  0.18032081 -0.1367007  -0.34121206  0.06094291  0.11200679 -0.15933017
 -0.13926218  0.5429368 ]		6	[-0.3558886   0.42746428  0.25394982  0.6372945   0.50034434 -0.00926166
  0.46745485  0.37658945 -0.33067098  0.8689112   0.05677401  0.37005112
  0.3769764   0.8749558  -0.16131766 -0.19310676 -0.32023022  0.29408374
  0.3062924   0.37145224 -0.41153017 -0.3386022  -0.0216363   0.22524509
  0.12334183 -0.01732535  0.03735221 -0.05721837 -0.3321419   0.7594297
  0.3514365   0.12761106  0.15259019  0.32187977 -0.20254947  0.23055375
  0.30430344 -0.05004496 -0.00962475 -0.2600073   0.10480019  0.3456676
  0.05500698 -0.05313838  0.41083387 -0.16786274  0.12073288 -0.3154433
 -0.19141658  0.04831049 -0.2376815   0.18247454  0.3876479   0.04618033
  0.38379264  0.28429675 -0.12717171  0.2779325   0.3400096   0.16224664
 -0.47017476 -0.1411333   0.19915156  0.3339239   0.08814058  0.03770244
  0.22527495 -0.154815   -0.39627668  0.05786228  0.14561598  0.46901956
 -0.02707467 -0.06220672  0.44909483 -0.2600843   0.24201107  0.29733562
 -0.06707723 -0.02768395 -0.0912984   0.02545513 -0.32147318 -0.06952106
 -0.25764334 -0.13727733  0.5828002  -0.29884204  0.35183963  0.58944213
  0.2803276  -0.2838575  -0.06182047 -0.2160467   0.6670326   0.31789476
 -0.3798767  -0.3304512   0.02646681  0.5134016  -0.08050304  0.3578019
  0.04160878  0.22128601  0.1306014  -0.02176328  0.07033838 -0.01626864
 -0.2117343  -0.24141072  0.08137057 -0.20391831 -0.09672889  0.3459051
 -0.22049366  0.5823888   0.21020605  0.4506257   0.17018017  0.20101799
 -0.10208892 -0.1062787  -0.453167    0.05882384  0.16808109  0.13039106
  0.10356738 -0.1981021 ]		B	[ 0.78337914  0.03173983 -0.22200766 -0.1358478  -0.02684842  0.06310295
 -0.47365287  0.1490321  -0.04307862  0.01951806 -0.05100574  0.09990375
 -0.0556653   0.13433087 -0.34729636  0.4657908  -0.06953505  0.17802538
  0.18193881  0.13146631 -0.00475685 -0.01641866  0.2504898   0.27289918
  0.00335525 -0.07233805  0.4054455  -0.3298253  -0.13755886  0.22015116
  0.11409276  0.24932526  0.22881654  0.12198863 -0.02136494  0.44674665
 -0.08370943  0.21186487 -0.25427186 -0.00853101  0.42040265  0.13545421
  0.22675183  0.12268946 -0.00783923 -0.3114337   0.01657055 -0.43176803
 -0.3642218  -0.22088856  0.10312898 -0.05306229  0.16875698  0.22460528
 -0.15123564  0.15881386 -0.37818018  0.15123679  0.1470402  -0.05725715
  0.15493579  0.00396957  0.14347002  0.21842228  0.04223707 -0.17346206
  0.4367454  -0.15406756  0.12202851 -0.04399669  0.05075539  0.08801366
 -0.05904104 -0.04437678  0.10229972 -0.39061838 -0.01354916  0.18420571
  0.02822311  0.16068232  0.32155126 -0.10351679 -0.07970704  0.03833342
 -0.2800931  -0.20383978 -0.1905552   0.20306553 -0.10698567  0.16450025
  0.28037745 -0.00562795  0.27641454  0.09548298  0.5356986  -0.05869959
 -0.07801104  0.10787969  0.10696793 -0.0165008  -0.12915643  0.23095727
 -0.21669184  0.08105546  0.23286495  0.00430027  0.00688033  0.05447152
  0.19161731 -0.08391117  0.1727351  -0.12177508  0.49541208  0.05847959
 -0.16421047 -0.2416913   0.04335704 -0.03264091  0.04832582  0.10102772
 -0.30977833 -0.10836072  0.08530077 -0.2251788   0.16092932 -0.15315092
  0.11259346  0.2260113 ]		[S+]	[ 1.43375754e-01 -6.20634407e-02 -1.19078010e-01 -4.70573843e-01
  2.69436419e-01  1.77652404e-01 -1.41100451e-01  6.27611130e-02
  2.48571575e-01 -3.81988794e-01 -4.37757671e-01 -7.64937550e-02
 -2.64050037e-01 -2.21664846e-01 -7.64394626e-02 -1.06656924e-01
  3.38788480e-02  1.30768090e-01  5.72540238e-02 -3.27195138e-01
 -1.98459044e-01 -1.17856868e-01 -8.71761702e-03  3.18490475e-01
  4.47756611e-02  2.81738907e-01  1.26753598e-01 -2.40614191e-01
  8.35959706e-03 -4.62252110e-01  1.53935492e-01  5.35637178e-02
 -1.72302678e-01 -2.40424797e-01  4.39039581e-02  2.33257249e-01
 -4.33655530e-02 -3.48418429e-02 -5.97180314e-02 -3.49056274e-01
  3.46725106e-01 -1.33944660e-01 -6.88946545e-02 -3.44209760e-01
  3.80445898e-01 -3.94302346e-02 -2.75565833e-01 -1.74717396e-01
 -3.38811606e-01  2.06081390e-01 -9.54946876e-02 -8.59790593e-02
 -4.45287413e-04  2.18038917e-01 -2.16293022e-01 -4.44463454e-02
 -1.51823908e-01  4.17133532e-02 -2.21193075e-01  8.98135528e-02
  1.69443518e-01  1.00750960e-01  2.51081347e-01 -1.36588559e-01
  3.03437226e-02 -8.26097205e-02 -1.10895701e-01 -3.77158970e-02
  2.75282096e-02 -1.09238543e-01 -2.78803501e-02  3.69224966e-01
 -1.89248443e-01 -9.66536775e-02  1.86761528e-01 -8.40066001e-02
  8.29812139e-02  9.50506702e-02  4.28263359e-02  1.16838543e-02
  5.37020294e-03  1.08834393e-01  1.04246169e-01  3.42415385e-02
 -3.54972452e-01 -1.65157527e-01 -1.13743521e-01  3.74051444e-02
  8.41208920e-02  2.65197128e-01 -4.21228737e-01  3.61161307e-02
 -6.08062521e-02 -3.84337038e-01  1.29657537e-01 -3.29586089e-01
 -1.13338940e-02  2.21492961e-01  3.99167798e-02 -2.63414502e-01
  5.24653196e-02  9.91387963e-02 -2.29879960e-01  1.97581649e-01
  2.20344171e-01 -1.08548678e-01  3.15673687e-02  2.94390291e-01
  3.48788388e-02  1.60462689e-02 -1.93527102e-01  1.15390122e-01
  3.69280159e-01  1.24613211e-01 -9.83755440e-02 -1.92098841e-01
 -1.78888083e-01  2.39071518e-01 -5.74629940e-02  1.01071306e-01
 -4.66518886e-02  2.71810684e-04  6.91124052e-02  2.01121047e-02
 -5.55818016e-03 -5.47706671e-02 -1.39349163e-01  1.04383484e-01]		[C]	[ 5.9401500e-03 -5.0239199e-01  3.6284631e-01 -7.3393083e-01
 -1.7612938e-02  3.3621892e-04 -1.3064519e-01 -2.4095236e-01
 -4.3674048e-02 -2.5826195e-02  7.3095560e-01 -6.6011511e-02
  8.6450428e-02  3.6320347e-01  3.5045797e-01 -2.1930513e-01
 -1.5393448e-02 -5.7139879e-01 -4.0032232e-01  4.2144183e-02
 -1.1258678e-01  1.1593248e-01  2.4942228e-01 -6.7351168e-01
  9.9333636e-02 -2.9751500e-01 -2.3509783e-01  6.9258130e-01
 -1.1796097e-01  1.3326959e-01 -5.1444805e-01 -4.3196112e-01
 -8.8937365e-02 -3.7014464e-01  9.7133473e-02 -4.0612314e-02
 -2.0855905e-01 -3.0303410e-01 -3.4427438e-02 -2.8778756e-01
 -4.1165572e-01  4.7184622e-01 -1.3466135e-01 -2.1507941e-01
  4.5153025e-01  4.4636313e-02 -2.4032114e-01 -1.6454367e-01
 -5.0235474e-01  3.1979643e-02 -2.1431680e-01 -2.8912088e-01
  5.1275410e-02  1.9376388e-01 -1.7752057e-01 -2.2120607e-01
 -3.5579774e-01 -2.3222554e-01  1.9732283e-01  2.3814699e-01
 -1.1115321e-01  2.8350158e-02  7.2779065e-01 -2.7539745e-01
 -2.0913955e-02  3.7318131e-01  2.9321712e-01 -1.2280617e-01
  1.5505759e-02 -2.3764451e-01  1.3165566e-01 -1.1152578e-01
 -4.2321989e-01 -1.5946338e-01  4.4538578e-01 -2.0150228e-01
  3.1754893e-01  3.6974072e-01 -3.3185503e-01 -2.2825520e-01
  4.5839223e-01 -1.6608080e-01  1.2982106e-01  7.4046798e-02
 -6.9795662e-01 -8.0852759e-01  1.7716904e-01  4.5240268e-01
 -9.2055611e-02  6.2492287e-01 -2.8594270e-01 -2.0645583e-01
  1.7786625e-01  2.9721975e-01  6.8052836e-02 -5.7819480e-01
  1.9655803e-01  5.8926255e-02  4.2428687e-02 -1.8772824e-01
 -2.4277660e-01  9.7944684e-02  3.0199847e-01 -6.6567615e-02
  5.4095838e-02 -1.1620748e-01 -3.3209282e-01  2.2641048e-01
  2.7470252e-01  7.6424159e-02  4.5841068e-01  7.8833498e-02
  3.6392424e-01  1.6388826e-01 -4.3588093e-01  6.5143809e-02
 -7.2759867e-01  1.1382216e+00 -6.0810030e-02 -1.3269268e-01
 -1.9637004e-01  3.3653924e-01 -7.2021373e-02 -6.8291537e-02
  5.5158573e-01 -3.2915232e-01  5.6247240e-01 -1.1966157e-01]		[Fe+2]	[-0.09246436  0.00183207 -0.09076445 -0.4969771   0.29271844 -0.09604292
  0.32402506 -0.01580802 -0.12574495 -0.3389964   0.01735151  0.32497734
 -0.12467299  0.40099016  0.12003338 -0.55773073 -0.20604086  0.1513031
 -0.12475412 -0.21094655  0.288221   -0.08985425  0.17201151  0.1824925
 -0.28103846  0.24757242 -0.0159729  -0.01151576 -0.18024832 -0.28593168
  0.1708452  -0.05716208 -0.30180156  0.1471988  -0.22938684  0.0038815
 -0.00503162 -0.07561661  0.07565816 -0.38238123 -0.31178182  0.21231629
 -0.1578339  -0.0445806   0.39594492 -0.13722308 -0.05453537 -0.13146248
 -0.46910647  0.11810932  0.0989558   0.16389377  0.16619052  0.20495208
 -0.21976583 -0.06961691 -0.25708172 -0.04755433  0.16716632  0.18791361
  0.1297929   0.05699416  0.21880135  0.2676549   0.01074609  0.05334716
 -0.28246927 -0.26151243  0.00926835 -0.38734078 -0.19195336  0.02001106
  0.05628043 -0.07512642  0.16962089 -0.1112914   0.04405504 -0.11721934
 -0.15268353 -0.12231818 -0.18616939  0.18261324  0.0730956   0.08778379
 -0.33266366 -0.14433439  0.19424646 -0.04450354  0.17625529  0.11473926
 -0.29710528 -0.23878786 -0.21971834  0.06793768  0.07868937  0.01459329
  0.32323155  0.02708293  0.23603457  0.03549374  0.14399366 -0.3232892
  0.3563974   0.09716079 -0.29498258 -0.04100943  0.09361087  0.13114451
  0.12096068 -0.10159976 -0.14076789  0.09076341  0.26823422  0.10798036
 -0.09347452 -0.427609    0.04202051  0.17641778 -0.21424063 -0.09787118
  0.08432594 -0.09839541 -0.06794212  0.08800673  0.23742437  0.24837281
 -0.00069023  0.3152958 ]		[I-]	[ 0.3859853  -0.44204915  0.011589   -0.2486856   0.09065008  0.01228233
 -0.68377703  0.04369158 -0.45038882 -0.45011982  0.2422668   0.31520692
 -0.5036517  -0.10213477  0.21282297 -0.2122192   0.24387133 -0.26391587
 -0.3680441  -0.2064437  -0.05788058 -0.19368826  0.26643616 -0.01224733
  0.01155864  0.07373653  0.17634536  0.18279757 -0.2690184   0.11981881
  0.3285957   0.00215824 -0.6292748   0.12800893  0.48627904 -0.06570798
 -0.13985063 -0.27665964  0.0281764   0.07058748 -0.12899669 -0.08502848
 -0.06024456 -0.12007654  0.2880871   0.36105227 -0.26521412  0.03127164
 -0.26586345  0.25702423 -0.09669562 -0.07684129 -0.22498389  0.02492076
 -0.15564539  0.38063502  0.0769635   0.14229195 -0.12514023 -0.25648403
 -0.00302231 -0.08348392 -0.06615958  0.17511114  0.06067993 -0.03208809
  0.15819745  0.02649985  0.16964501  0.15022893 -0.01464849  0.1652496
  0.07099999 -0.07913012 -0.02407202 -0.24709292 -0.16467774  0.27996275
  0.08140339  0.02934768  0.30634305  0.33536962  0.09664903  0.17383578
 -0.45374498  0.00225631 -0.02825078 -0.04082024  0.2398696   0.58544517
 -0.36086923  0.08861212  0.04125882  0.20340131 -0.14304848 -0.10711047
  0.08483761  0.2809555   0.20460337  0.18183723 -0.04298328  0.19458185
 -0.2777597   0.21204436  0.03546875  0.07242433  0.06605829  0.54028416
 -0.2520787  -0.08802452 -0.05279912 -0.03111029 -0.00971052  0.02491467
  0.121832   -0.4402721   0.42992017  0.0226452  -0.31925818 -0.01744813
  0.01465934 -0.05304248 -0.03914766 -0.07022689 -0.07145386  0.30719718
 -0.17762552  0.11596576]		[Li+]	[-9.94842034e-03  2.58456985e-03 -1.89988434e-01  1.42424358e-02
  2.35417083e-01  2.45325699e-01  1.26864374e-01  3.21752541e-02
 -2.15018883e-01 -1.22989729e-01 -1.45452684e-02 -3.02076906e-01
 -7.13560656e-02  1.20250046e-01 -4.62465256e-01 -8.94116700e-01
 -1.45661190e-01  4.18105006e-01  1.09350178e-02  2.74783652e-02
  4.06567186e-01  1.54391423e-01  3.57709557e-01  1.54360071e-01
 -2.32419908e-01 -4.35991883e-01 -1.11688837e-01  3.88655961e-02
  1.87321216e-01  7.50915566e-03  4.25721779e-02 -3.52915645e-01
 -1.97701335e-01 -6.02223426e-02 -3.43542472e-02  2.20173255e-01
  2.41487287e-02  4.19408195e-02 -6.95823073e-01 -2.03186527e-01
 -2.25664839e-01  5.36696985e-02 -2.04377815e-01 -1.94512784e-01
  1.21719316e-01  3.90340090e-01  1.98574038e-03  2.14645788e-01
 -1.89579964e-01 -9.50585455e-02  7.04924539e-02  2.20204294e-02
  2.92287953e-03  8.52725804e-02 -6.08869968e-03  6.64254725e-02
  7.00783655e-02 -5.51573858e-02 -6.23344965e-02 -7.12914988e-02
  3.65400791e-01  1.01952322e-01  2.73212969e-01 -1.59847930e-01
  1.14155591e-01 -2.72687376e-02  2.97031134e-01 -6.40609190e-02
 -5.40925413e-02 -6.78099096e-02  1.68786749e-01  3.55034947e-01
 -5.06784506e-02 -2.33372767e-02  2.31961250e-01 -1.62748083e-01
  7.95711502e-02 -1.08338436e-02  2.47919671e-02  5.89983873e-02
 -1.63284719e-01  1.66967288e-01 -5.32995202e-02  6.10330328e-02
 -3.30140680e-01 -7.19595850e-02 -7.56411580e-03  3.00555408e-01
 -2.31856003e-01 -1.30788252e-01  2.89329827e-01 -1.13521628e-01
 -5.45964055e-02 -1.64586082e-02 -9.76294503e-02 -1.19732156e-01
  1.44006237e-02  3.12050790e-01  3.78151350e-02 -2.82718446e-02
 -1.07498787e-01 -5.65152466e-02  3.07965130e-02 -6.33741692e-02
 -2.49882981e-01  1.50412515e-01 -6.63066208e-02  3.63423616e-01
  1.13754638e-01 -4.29069594e-04  9.25162062e-02 -5.54512106e-02
  2.06614912e-01 -2.73349881e-02  1.89504325e-01  4.72924933e-02
  1.30574720e-03  3.28050740e-02 -2.59047687e-01 -1.52800098e-01
 -1.53565988e-01 -1.64730346e-03 -2.17326999e-01 -3.23219955e-01
  1.23670198e-01 -1.76787108e-01  9.68860611e-02  3.56931627e-01]		[n+]	[ 0.1141685  -0.4209458   0.55941814 -0.07442293  0.11043372 -0.00957521
  0.12958841 -0.47110835 -0.15848379 -0.3590047  -0.26612464 -0.38116542
 -0.33719498  0.29572487 -0.24000973  0.10365766 -0.23696786 -0.26669323
 -0.10548391 -0.4908387  -0.00679235  0.15938337 -0.30203712  0.08863399
 -0.2767587  -0.00924277  0.37262475  0.14797543  0.2494137  -0.2933475
  0.2850181   0.0467488  -0.16726175 -0.02900986  0.02856736  0.08953163
 -0.11916947  0.14762856 -0.1249453  -0.06501344  0.10191166 -0.4221152
 -0.13916573  0.05324332  0.18989305  0.46602523  0.1375147   0.1997392
 -0.05530944  0.05150308 -0.07033024  0.07879271 -0.09413164  0.1567476
  0.11092424  0.09380801  0.2243421  -0.00408913  0.05821949 -0.07866175
  0.0055877   0.21314354  0.05450929 -0.08451473  0.03885389 -0.04165689
 -0.11839927  0.15114655  0.18139762  0.14339954  0.13974327  0.2064602
 -0.18528046  0.15901893 -0.09114733 -0.17820562  0.09814524 -0.24926251
 -0.3837138  -0.29297224  0.26570964  0.00191982  0.06334379 -0.08101051
 -0.33106685 -0.03797292  0.11151262  0.33765665 -0.07429557  0.42718405
 -0.24887201 -0.08284155  0.13577059  0.3452027  -0.3374528   0.05881292
  0.1845624   0.20546319 -0.10684621  0.3299283   0.12330296  0.04826081
  0.11896629  0.20741796  0.02920649 -0.12148459 -0.3498625   0.34616074
 -0.15344161  0.05894021 -0.11388256  0.04304928  0.08925888 -0.21182822
 -0.3052489  -0.14977007  0.44806528  0.16936718 -0.08985694 -0.14626805
  0.21672161  0.28853053 -0.04293394  0.14281982 -0.258486   -0.37245077
 -0.20592351  0.21647145]		7	[-0.2833058   0.54490197  0.15298554  0.5548899   0.19065338 -0.00520336
  0.6528206   0.58180547 -0.19839498  0.9800753   0.26048338  0.43801183
  0.62481403  0.898183   -0.23082474 -0.23527513 -0.45787176  0.11618092
  0.44932315  0.6125813  -0.23716156 -0.03822559 -0.12389512  0.48078346
  0.1723177  -0.14046346  0.11063464  0.18647668 -0.18342954  0.91279227
  0.30686635 -0.063616   -0.02576899  0.26811552 -0.14351898  0.06854077
  0.28046742  0.18623146 -0.16960293 -0.11604032 -0.01772962 -0.0278324
  0.10583676 -0.16431326  0.32704985 -0.179371    0.3290525  -0.12112412
 -0.35817558  0.01219273 -0.20006317  0.26445836 -0.04087929 -0.28431177
  1.0388833   0.02974076  0.01117508  0.19932069  0.49595937  0.19594367
 -0.57221663  0.07490309  0.547352    0.5314028   0.26519293  0.17845161
  0.12857118  0.03209884 -0.5391504   0.09199791  0.6487199   0.8390798
 -0.27617428 -0.08487096  0.6980401  -0.0663114   0.36045036  0.37670273
 -0.17299226  0.28928453  0.1698696  -0.1373495  -0.12042475  0.00844471
 -0.3906011   0.08446433  0.52581865 -0.42674723  0.34203133  1.0444531
 -0.02204977 -0.5057539  -0.38683656 -0.57113206  0.7672249   0.31809434
 -0.58147824 -0.3903845  -0.01910375  0.6060765  -0.18806022  0.741514
  0.04787663  0.2787436   0.32612306 -0.1667854   0.08535558 -0.02252088
 -0.06778484 -0.1038468   0.2397675  -0.34171784 -0.10620511  0.12215952
 -0.16800784  0.6003189   0.05155961  0.5276939   0.09772178  0.23585403
  0.327254   -0.22525816 -0.66837263 -0.07261344  0.17579958 -0.33508074
  0.02393601 -0.48876894]		[Fe]	[-0.09925698 -0.6088713   0.94345474 -0.40975294 -1.338003   -0.284143
 -0.60758966 -0.4152981  -0.6237674   0.04630087  1.1578848   0.41896746
  0.01820826  0.65795845 -0.25359446  0.32080773  0.01430896 -1.4465874
 -0.432542    0.652861   -0.17993216 -0.14468084  0.48302266 -0.47267327
 -0.04251967 -0.58459413 -0.89200807  1.7393954  -0.242033    0.678343
 -0.88632125 -0.36701208 -0.51326543 -0.609245    0.6782357  -0.4008955
  0.00563195 -0.6490736  -0.3684832  -0.34112766 -0.9733126   0.71627307
 -0.31231585 -0.53075135  0.6250312   0.7687423  -0.50822383  0.09711877
 -0.5308286  -0.4188882   0.08947504 -0.3622929  -0.11365031 -0.4345256
 -0.33434767 -0.54794747 -0.34336358 -0.6395631   0.4817954   0.37924615
 -0.1552004  -0.22832823  1.0191585  -0.5048095  -0.0234815   0.15193918
  0.21811439 -0.3375181   0.06195806  0.11376672  0.49562386  0.1674032
 -0.7425517  -0.50785685  0.7710626  -0.13854083  0.7087676   0.45526108
 -0.71895033 -0.1886799   0.8596448   0.06594601  0.46559453  0.43229154
 -1.271575   -1.7469462   0.66223395  0.77972     0.3072074   0.14148854
 -0.44194397 -0.56980515 -0.84195155 -0.07473054  0.2441705  -0.73385274
  0.5003666   0.9586892   0.21274857 -0.22136442  0.21085806 -0.12285497
  0.5835024  -0.12272122  0.01578752  0.14229679 -0.6151656   0.5834768
 -0.06516913  0.01711985  0.8178938   0.58896595  0.94449466 -0.08924688
  0.44671294  0.77081794 -1.0826784   1.2665224   0.3163528  -0.5601221
 -0.8215525   0.589932    0.4409169  -1.221676    0.69298697 -0.8170594
  1.1009984  -0.96191   ]		9	[-0.298345    0.49592474  0.05933365  0.33911264 -0.06215491 -0.18973346
  0.7541288   0.6539699  -0.3437752   1.175467    0.5001708   0.66454965
  0.61316925  0.9526669   0.01109648 -0.10818047 -0.70577526  0.07192714
  0.5231234   0.4745435  -0.43889484 -0.09543462 -0.51979095  0.4486669
  0.07354169 -0.12422021  0.27981076  0.46394232 -0.29570082  1.0068344
  0.49044758  0.02636106 -0.19153555  0.23571903  0.06995701  0.03853756
  0.27864015  0.08544723 -0.05699315  0.10865562 -0.1091645   0.05677854
  0.09826639 -0.35353616  0.52616197 -0.09598865  0.29870838 -0.25467113
 -0.51690066  0.15371889 -0.24924672  0.18528236  0.00189337 -0.38676557
  1.0510933   0.05980395 -0.08441906 -0.00382527  0.61264956  0.2494014
 -0.71648633  0.14238243  0.50583196  0.70843554  0.3223807   0.28956684
 -0.10161799  0.09580491 -0.7882138   0.14252658  0.7565704   0.8744754
 -0.09739904 -0.17985433  0.83200943  0.05317679  0.6657241   0.60595137
 -0.09502754  0.12174354  0.11370493 -0.07501712  0.07370738  0.0098602
 -0.5549996   0.04684852  0.53660154 -0.63721144  0.5916609   1.4192554
 -0.25410566 -0.47366434 -0.33008388 -0.6707359   0.68618995  0.3664146
 -0.47931957 -0.6540202   0.0020429   0.47849926 -0.22828792  0.8010398
 -0.03515339  0.35003802  0.3031881  -0.04322608  0.1928398  -0.21482424
 -0.21473296 -0.24167421 -0.03750782 -0.17433108 -0.05066051  0.05670296
  0.01276502  0.5778018  -0.06325329  0.9753152   0.00598924  0.30119032
  0.53491086 -0.3295297  -0.6891099   0.1382884   0.28738838 -0.4264489
  0.23892455 -0.447101  ]		[H]	[ 0.5272609  -0.28795242  0.4042901  -0.30228746  0.5634748  -0.16354902
 -0.03442358 -0.03651237 -0.4899214  -0.42779183 -0.5418412  -0.13415776
  0.54095364  0.07910344 -0.8236347  -0.4478831   0.31721798  0.11551604
  0.59458274  0.6239456   0.01817843 -0.38466457  0.09792318  0.25443822
 -0.20641056 -0.21123888  0.31050816  0.07707184 -0.08974365 -0.64041364
 -0.19821565 -0.06377424  0.23276025  0.10418689 -0.65796065  0.42643502
 -0.0230538   0.09589802  0.44885278 -0.94549054  0.59483606  0.5110816
 -0.43012854 -0.08063463  0.31016967 -0.05001334  0.30553883 -0.16608751
 -0.43604735  0.03418254  0.00741872 -0.20340648  0.07378937  0.06415483
  0.3646051  -0.23221077 -0.35837442 -0.16378725  0.29582998  0.18482025
 -0.0424617  -0.50895804  0.08856736 -0.22598913  0.59638774  0.42313325
 -0.1784196   0.22597592 -0.37812263  0.0054517   0.4384197  -0.5136461
  0.02110625 -0.13644773  0.1752162  -0.11498275  0.1215969  -0.3851979
 -0.25851607  0.01163525 -0.32367682  0.2565627   0.00761826  0.31158108
  0.10252941  0.20312805  0.2919608   0.48928076  0.01717265  0.17619821
  0.48468837 -0.09975514  0.23695405  0.04744778  0.39389983  0.27719757
  0.07165759  0.00377452 -0.26236236  0.1646131  -0.104806    0.4403983
 -0.08881893 -0.05509818  0.22895695  0.04306746 -0.04139066  0.09688043
 -0.18590738 -0.5587564  -0.20600769  0.42026892 -0.0574704   0.08783889
 -0.20623901  0.05852911  0.8495094   0.08677398 -0.33122143  0.2345798
 -0.05412883 -0.34556913 -0.20047776  0.03206073 -0.31684598  0.13522062
  0.60282236  0.29039034]		[B-]	[ 3.75398248e-01  3.90064381e-02  2.79863119e-01 -2.90571690e-01
 -2.34012246e-01  4.51667517e-01  2.97534652e-02 -4.52870466e-02
 -2.18886644e-01 -2.37848029e-01 -1.34075671e-01  1.60056595e-02
 -8.58231723e-01  2.97558099e-01  1.85879141e-01  1.29787743e-01
 -4.19191867e-01  1.51257381e-01 -2.85679132e-01 -3.78253281e-01
  1.71717780e-03  1.42367616e-01 -7.82079175e-02  2.98613459e-01
 -4.72483695e-01  1.76394045e-01  6.22172058e-01 -3.21205735e-01
 -5.44248894e-02 -9.71205533e-02  3.45466167e-01  1.67444497e-02
 -3.21237683e-01  9.21138674e-02  3.52360129e-01 -2.20716209e-03
  1.93842471e-01  5.40476590e-02 -3.51060510e-01 -2.28188977e-01
  3.72353107e-01 -3.88431162e-01  7.49963000e-02 -9.25917625e-02
  7.07712071e-03  1.34946957e-01  1.43521428e-01  4.25200490e-03
  7.02520832e-02  6.14538603e-03 -2.13668361e-01 -1.31655276e-01
  2.38067582e-01 -4.01590280e-02 -2.94923708e-02  1.54055864e-01
 -1.35518819e-01  1.77290067e-01  1.79392714e-02  1.03069834e-01
 -1.39022082e-01 -1.60885602e-01  8.66078511e-02  1.16317205e-01
 -2.89954424e-01 -1.00704595e-01 -1.23986512e-01 -1.18964948e-01
  1.24520324e-01  2.25541800e-01  1.24133244e-01  3.29289347e-01
 -2.69320905e-01  1.47296950e-01  1.09638155e-01 -6.64634645e-01
  5.43552339e-02 -1.33582443e-01  1.41761424e-02 -2.04405054e-01
  1.99635506e-01  2.04275504e-01 -1.94927946e-01  1.03925429e-02
  4.40660566e-02  1.79404005e-01 -8.01789686e-02  2.97580302e-01
 -1.46256760e-01  2.22952008e-01  3.13228549e-04  6.82747066e-02
  4.58146632e-02  2.62561440e-02 -2.28131399e-01  1.01576380e-01
 -5.08423448e-02  1.82672158e-01  2.18563035e-01 -3.08586285e-03
 -4.08856750e-01 -4.26563695e-02 -8.79682675e-02  2.63411492e-01
 -2.85540104e-01  1.82671219e-01 -1.58637732e-01  1.14376999e-01
 -5.03670931e-01 -2.09678978e-01 -8.90379846e-02 -9.10524726e-02
  2.86621183e-01  1.11337587e-01 -2.42966413e-01 -3.63914490e-01
  2.33618617e-01  2.51080364e-01  6.14368320e-02  2.93187127e-02
 -1.42003849e-01  7.53064975e-02  2.48401612e-01  1.83269113e-01
 -1.09149240e-01 -2.83045709e-01  1.44268125e-01  1.04816362e-01]		%10	[-2.0132427e-01  5.3089255e-01  6.3208386e-02  2.1600424e-01
 -1.2085831e-01 -2.9944712e-01  7.7775389e-01  6.7722511e-01
 -4.6607190e-01  1.2328547e+00  5.1444781e-01  7.1135902e-01
  6.0028148e-01  8.5752428e-01 -5.6618527e-02 -9.9039175e-02
 -6.8059993e-01  2.6333442e-02  6.0632885e-01  4.2095301e-01
 -6.0037696e-01  2.1073930e-02 -6.0690659e-01  3.8594681e-01
  1.5335283e-02 -7.3301457e-02  2.9068074e-01  6.8016732e-01
 -3.5479447e-01  1.1239674e+00  4.5703837e-01 -4.8064380e-03
 -1.9546512e-01  1.3525809e-01  2.5942543e-01 -1.5319532e-02
  2.7454349e-01  1.7568171e-02  5.6838840e-02  3.3595181e-01
 -4.8711699e-02  5.7128571e-02  1.3180973e-01 -2.9730114e-01
  4.6652094e-01 -1.9864801e-02  2.0503497e-01 -2.5082949e-01
 -5.0198239e-01  2.1656166e-01 -2.3432176e-01  2.0660099e-01
 -4.1973945e-02 -4.0049344e-01  1.0702100e+00  9.4033845e-02
 -1.2529019e-02 -2.4179526e-01  6.1924607e-01  2.3828655e-01
 -7.3964018e-01  1.6343769e-01  4.9618623e-01  8.3131194e-01
  4.0330461e-01  3.2548711e-01 -7.0129506e-02  5.7827003e-02
 -7.6496470e-01  2.7717796e-01  8.3049989e-01  8.8474917e-01
 -5.0501148e-03 -1.8830709e-01  8.7744874e-01  2.5348924e-02
  7.9310071e-01  7.4864960e-01 -8.3277278e-02  1.2519202e-01
  1.0799154e-01 -4.4560354e-02  4.8138212e-02  7.1192120e-04
 -6.6569173e-01  8.3649777e-02  5.3144640e-01 -6.5321761e-01
  7.2855151e-01  1.6450237e+00 -2.5952268e-01 -4.6758705e-01
 -2.7976570e-01 -6.6784799e-01  6.1544532e-01  4.6176007e-01
 -3.0901638e-01 -6.8039715e-01 -1.1074397e-02  3.9607158e-01
 -1.7932698e-01  7.1315634e-01 -6.6546060e-02  4.0426049e-01
  2.2818249e-01 -3.4160305e-02  3.5212094e-01 -1.5363567e-01
 -2.7821001e-01 -3.2804897e-01 -3.4334779e-02 -2.1232623e-01
 -7.2072618e-02  1.0384531e-01  2.0921249e-02  6.6322273e-01
 -1.6695622e-01  1.1114424e+00  4.2156884e-03  3.8015211e-01
  6.1991709e-01 -4.4892043e-01 -6.6805315e-01  2.1000835e-01
  2.1930200e-01 -6.2399161e-01  2.0232569e-01 -4.2725384e-01]		[O]	[ 8.05499256e-02  2.94812601e-02  2.10669070e-01  7.29201734e-02
 -3.25376600e-01  4.93332237e-01  8.46811235e-02 -7.76232556e-02
 -1.56696618e-01 -9.48370993e-02 -7.32589327e-03 -1.58590917e-02
 -4.23157923e-02  2.94791143e-02 -8.30481231e-01 -1.59081399e-01
  8.53367224e-02 -4.74690162e-02 -2.49806032e-01  3.02474409e-01
  1.42439470e-01  1.53514355e-01  2.41123067e-04  1.17064863e-01
  2.84490377e-01 -2.12818444e-01  1.52136594e-01 -3.58875990e-01
  4.52167332e-01 -1.62719842e-02  3.20480496e-01  9.01963934e-02
 -1.45209268e-01  6.70959577e-02 -1.38275594e-01 -1.28665701e-01
  3.89565408e-01  3.34332585e-01  1.39818760e-02 -4.49352503e-01
  6.11119747e-01 -4.03308779e-01  1.38773397e-01 -5.80029897e-02
 -2.98363745e-01 -1.35211661e-01  3.40429068e-01  3.82981561e-02
 -2.68749267e-01 -2.59008586e-01  4.07553948e-02 -1.52658060e-01
 -3.13183069e-01  1.16142809e-01 -6.71672150e-02 -5.41500598e-02
 -5.47185466e-02  1.64039791e-01 -1.20876301e-02  3.35665822e-01
 -1.99392438e-01  2.63436347e-01  2.22112074e-01 -3.10153157e-01
 -3.27991359e-02  1.34055065e-02 -6.82645813e-02  4.57235426e-01
 -1.80102915e-01 -2.26968840e-01  2.97750771e-01  3.27165246e-01
 -3.70184571e-01 -3.56059819e-02  1.50977716e-01  2.49332353e-01
 -2.01923177e-02 -2.29172811e-01 -1.25311479e-01  7.68681392e-02
  1.75143138e-01 -8.53719935e-02 -1.06777847e-01 -5.05729504e-02
 -2.55531967e-01  3.13127607e-01 -2.58999635e-02  4.53885011e-02
 -7.60348141e-02  4.11698580e-01 -2.10708812e-01 -2.64340222e-01
 -7.99659416e-02 -4.72716540e-01 -1.31898493e-01  2.57286787e-01
 -2.82751042e-02  1.41655430e-01 -4.15254951e-01  6.87080324e-01
 -3.67731899e-02  3.67735803e-01 -6.48816973e-02 -6.75268322e-02
  2.74283886e-01 -2.44074479e-01  1.31643131e-01  2.96285786e-02
  6.59066215e-02  1.95857584e-01  1.75254494e-01  2.58126687e-02
  1.95847228e-01  1.33858517e-01 -1.66173410e-02  1.74879774e-01
 -2.07629129e-02 -2.18371958e-01 -1.10595718e-01 -2.35052258e-01
  3.36358011e-01 -6.47857711e-02  8.04728717e-02 -1.19577095e-01
 -3.27995092e-01 -3.85772020e-01  4.23022453e-03 -5.71842194e-02]		8	[-0.29155672  0.5396082   0.05459136  0.24915645  0.05912995 -0.18608068
  0.76296425  0.4736924  -0.31513867  1.1741368   0.46122763  0.64791024
  0.5854485   0.7675904  -0.07440442 -0.2273704  -0.4183826   0.06589682
  0.4465154   0.54622656 -0.36374813 -0.13270915 -0.29416296  0.38626176
  0.02176116 -0.21674919  0.29383194  0.3800076  -0.34922773  0.91722506
  0.49855566  0.027914   -0.03133363  0.27242604 -0.17187214  0.0594609
  0.21450247  0.11731482 -0.15377304 -0.08501773 -0.09674093  0.04065126
  0.03673173 -0.18897012  0.3505784  -0.11787094  0.33017313 -0.17695093
 -0.52380997  0.11546746 -0.09841009  0.24407738 -0.02063283 -0.22853516
  0.91761947  0.10992909  0.05272946  0.05018585  0.558839    0.29972646
 -0.54507667  0.18144546  0.4517417   0.71982145  0.35074463  0.15973487
  0.00440818 -0.01149688 -0.5524363   0.02740721  0.6881879   0.8331942
 -0.17277707 -0.19111958  0.7240059   0.02381944  0.50801164  0.47002715
 -0.11930555  0.1140675   0.08399897 -0.02971625  0.02267931  0.05030518
 -0.5371126  -0.02307773  0.5139455  -0.45137534  0.4057914   1.1564035
 -0.08927662 -0.4707145  -0.31661355 -0.6320435   0.70194435  0.22699748
 -0.49252957 -0.5057195  -0.06315944  0.5272992  -0.1427614   0.8326637
  0.04487398  0.22173676  0.3190527  -0.18081811  0.16333173 -0.01821968
 -0.16395777 -0.05899358  0.13630942 -0.20885493 -0.13713653  0.03945402
 -0.08590636  0.66515845  0.0194783   0.67143875  0.01574188  0.2530123
  0.4617967  -0.15885952 -0.7677572   0.00386538  0.14291166 -0.4010219
  0.13794222 -0.36679804]		%11	[-0.12317541  0.47313213  0.12686704  0.15389785 -0.17840227 -0.29945675
  0.8872751   0.6808133  -0.5558511   1.4011288   0.60354555  0.78613293
  0.45293447  1.022752    0.03198523 -0.06792761 -0.7073698  -0.10123965
  0.5124603   0.41753417 -0.7276986  -0.01380521 -0.62486964  0.35655114
  0.02794621  0.00620492  0.21002541  0.623874   -0.31047037  1.1657753
  0.47665706  0.06525265 -0.2591477   0.15800065  0.43576765 -0.05131408
  0.3086099  -0.05785321  0.22671919  0.4282977  -0.13866052  0.13776341
  0.0208375  -0.42034823  0.5460749  -0.05782521  0.07717133 -0.22409289
 -0.6129181   0.2894772  -0.30229524  0.18152128 -0.07927936 -0.45599976
  1.0965012   0.07204506 -0.02594688 -0.27229738  0.69342244  0.1373303
 -0.97106016  0.14878128  0.45497555  0.94089955  0.37647313  0.38435692
 -0.1680739  -0.17279598 -0.807348    0.2794687   0.79492617  0.90333265
  0.08134501 -0.2806519   0.8514783   0.0035473   0.8113063   0.8285107
 -0.11057901 -0.03967254 -0.03715663 -0.2117017   0.0279863   0.00582593
 -0.69958407  0.03894211  0.58938444 -0.6737029   0.88139886  1.8926367
 -0.29998884 -0.55535376 -0.42377934 -0.75425583  0.71902233  0.5636194
 -0.412135   -0.7872954   0.03063816  0.44298723 -0.13506576  0.7935364
 -0.13811885  0.4284841   0.29237127  0.04033359  0.36515245 -0.21899328
 -0.25730476 -0.370501   -0.18461399 -0.14859414  0.01990718  0.11016563
  0.01032952  0.7325503  -0.18737185  1.1193309   0.03917523  0.48659807
  0.6173467  -0.49532184 -0.5638043   0.28677353  0.20501272 -0.57766485
  0.13294582 -0.44566017]		%12	[-0.16049942  0.48557556  0.2998151   0.20372869 -0.34893873 -0.40371153
  0.92349243  0.48105386 -0.53500473  1.3156688   0.65646714  0.61953
  0.35571885  0.9721498   0.19226488 -0.13959399 -0.5800604  -0.16862419
  0.4542869   0.3922614  -0.7950991   0.04783089 -0.62161535  0.37487108
  0.02332715 -0.00833429  0.18045777  0.66491854 -0.2300092   1.2361927
  0.48352763  0.1746108  -0.2632257   0.20007096  0.6791837  -0.15761499
  0.4212421  -0.04615501  0.07704407  0.5162138  -0.12442543  0.09641636
  0.00281821 -0.3173561   0.4325027  -0.05338759  0.0857009  -0.2094902
 -0.50823003  0.35162947 -0.35074556  0.25814795 -0.18429627 -0.40858832
  0.951321    0.21154562 -0.0308423  -0.14599065  0.61772764  0.21903571
 -1.0274047   0.08923781  0.42432415  1.0057013   0.39706177  0.3311746
 -0.24770351 -0.37207174 -0.6988014   0.3312612   0.7490321   0.822238
  0.13290922 -0.28312945  0.84265107 -0.01238926  0.8516657   0.9465693
 -0.18880896 -0.10108142  0.03271265 -0.13489184 -0.1454043   0.04689125
 -0.6954359  -0.09278478  0.6614459  -0.6899072   0.94159967  1.9489422
 -0.48227695 -0.54511726 -0.39239743 -0.667662    0.7809515   0.55876315
 -0.55200964 -0.9858936   0.08082969  0.42504784 -0.17224443  0.74421245
 -0.17598245  0.41429928  0.2693495   0.07692748  0.33179608 -0.16667576
 -0.30011538 -0.41671    -0.07349922 -0.22876838 -0.02725699  0.09837879
 -0.04136465  0.6411722  -0.04316984  1.097284    0.06288602  0.5685891
  0.58768815 -0.54095167 -0.47598377  0.3379857   0.16410118 -0.54960144
 -0.08126234 -0.4757036 ]		[Cu+]	[ 0.13514356 -0.5288264   0.39668205 -0.56582546  0.01035416 -0.32319197
 -0.12344601 -0.43633083 -0.61761147 -0.6471269   0.14865853  0.15143901
 -0.43640855  0.11490494  0.12888509  0.04142785  0.17375289 -0.2903335
 -0.19897994 -0.6337845  -0.03737088 -0.10267363  0.12377445  0.04448248
 -0.29712537  0.07341186  0.25361887  0.2592388  -0.19549127 -0.09895902
  0.15083645  0.16807105 -0.73442256  0.07682775  0.38672578 -0.2367605
 -0.03157725 -0.12849997 -0.13601574  0.06836814 -0.22119395 -0.24656379
 -0.3891164  -0.08060472  0.33698002  0.4666265   0.16834134 -0.15710002
 -0.2433454  -0.0867416  -0.10899504 -0.11376118  0.05526302  0.05812653
  0.09487087  0.07598808 -0.07299978  0.14641313 -0.14250022 -0.22203591
 -0.26704687 -0.15900627 -0.07905388  0.14132552 -0.1028622   0.02696227
  0.023189   -0.06358954  0.1522431  -0.10341413 -0.00203059  0.0617038
  0.01264548 -0.1226844  -0.04333644 -0.10531557  0.2167067   0.07701796
 -0.04012412 -0.26250073  0.19558848  0.36204872  0.18532123  0.18101257
 -0.22293319 -0.18903355  0.5216239   0.04856766  0.28078842  0.3001778
 -0.16023201  0.062298    0.10473885  0.4686592  -0.1797276   0.09577902
  0.18530421  0.291448   -0.17729093  0.19019268  0.12931713 -0.06921907
  0.3179916   0.23989093 -0.14430267 -0.02767456 -0.17811668  0.24308948
 -0.37282467 -0.27737114 -0.07712759  0.12571964 -0.11868771  0.11131559
  0.09666219 -0.07875678  0.46266565  0.359233   -0.21537945 -0.15059628
 -0.09328491  0.15106337 -0.06395376 -0.09344857 -0.0011987   0.30429676
 -0.02697576  0.00943241]		%13	[-0.2035727   0.6163011   0.3634471   0.21371184 -0.23760048 -0.28706402
  1.1281067   0.37443814 -0.5237123   1.2343286   0.54520416  0.537463
  0.32916087  1.0286841   0.2214969  -0.1499921  -0.6454673   0.00509295
  0.40792874  0.34546787 -0.6823999   0.02614191 -0.7050301   0.3475111
  0.04803282 -0.04948105  0.11138627  0.6561687  -0.18006568  1.1686662
  0.550897    0.13235526 -0.11869913  0.10978489  0.71839637 -0.13556656
  0.47321415 -0.05467642  0.09255302  0.4476682  -0.23123968  0.23164454
 -0.06995618 -0.21176916  0.5612845  -0.22142419  0.04535494 -0.15592423
 -0.48010907  0.41647688 -0.32166398  0.15014878 -0.3525719  -0.39971572
  0.98374426  0.28316307  0.04734737 -0.10313594  0.5372733   0.2086104
 -0.95169353  0.06462142  0.39091128  0.844378    0.34270123  0.3671187
 -0.09317209 -0.34831434 -0.63672525  0.32323098  0.67506707  0.87122923
  0.01534175 -0.17874901  0.7234831  -0.04518518  0.8487167   0.8527749
 -0.26322806 -0.08688135 -0.06079086 -0.10138241 -0.1312563   0.0353546
 -0.658788   -0.06838668  0.63078177 -0.55087477  0.90911096  1.9190054
 -0.44857904 -0.55835587 -0.40454122 -0.68924546  0.90774626  0.5339338
 -0.7229463  -1.1085287   0.08373519  0.40919924 -0.1388723   0.83889383
 -0.16551849  0.41269475  0.3908192  -0.04111149  0.27693224 -0.23306537
 -0.19946115 -0.35460168 -0.14448507 -0.18966609 -0.05923792  0.03384857
 -0.20723101  0.7443017  -0.04923178  1.0117989   0.09017094  0.55206716
  0.5903056  -0.46192563 -0.548965    0.33974445  0.1552194  -0.4633655
 -0.02295222 -0.45373902]		[F-]	[-0.02819737 -0.2013109   0.28538263  0.09435198  0.07968489  0.13242751
 -0.51812    -0.06003252 -0.37541968 -0.27295506  0.13453534 -0.03214333
 -0.28921348  0.12693106 -0.2303292   0.01914843  0.24781504 -0.06824762
 -0.33495593  0.07422487  0.17512318  0.09591554 -0.40720335  0.10825275
 -0.3054822   0.13542324  0.38394865 -0.25086904  0.23288272  0.13768665
  0.34036902  0.36825317 -0.14346333  0.04980612  0.09856787  0.00949147
  0.13544919  0.20277803  0.07509379 -0.08374907  0.28673983 -0.06530271
 -0.09376894 -0.10261507 -0.18659566 -0.09705181  0.14353998 -0.3606556
 -0.10178293  0.06720557  0.2724528   0.00433898 -0.19058046  0.27093303
  0.32666567 -0.24470071 -0.25654945 -0.03671452  0.1072318   0.21497169
 -0.2763406   0.12313768  0.05947655  0.01672738 -0.01586863  0.03380666
  0.12916292  0.23924328  0.11522716 -0.20589006  0.22569747  0.11373518
 -0.4412723  -0.16374426  0.02230544  0.10859481  0.19775698 -0.23510073
  0.25027335 -0.19681716  0.04808866  0.00991851  0.33290967  0.06914027
  0.04392107  0.15860014  0.10501834  0.00902143 -0.11746141  0.11531012
  0.1233573   0.16914725 -0.12839308 -0.0780529   0.03283735 -0.03698406
  0.09946819  0.3588221  -0.16618994  0.26594898  0.15354022  0.11845743
  0.20213737  0.0097456  -0.00823969 -0.25921768 -0.08801243  0.19080341
 -0.00698177 -0.09534463 -0.10241083  0.12137185  0.08438063  0.25636148
 -0.20639142 -0.06651212  0.14177068  0.12162769 -0.17060947 -0.3288476
  0.16695967  0.12641554  0.07287627  0.01247466 -0.00657966 -0.16608407
 -0.06379128  0.01909519]		[Pd+]	[-0.01179354 -0.20918208  0.5526199   0.0596067   0.2024805  -0.30209193
 -0.20529307 -0.14059897 -0.40829477  0.14458089 -0.08224     0.39355502
  0.1005742   0.67276716  0.18268938 -0.27249077  0.12275474 -0.25841704
  0.08669689 -0.3211668   0.2420335  -0.5688734  -0.33514476 -0.08697699
 -0.2747271   0.22106399 -0.17980577  0.14761575  0.3555849   0.37376857
  0.34346414  0.3836091  -0.43961775  0.25965005  0.36596757 -0.0353939
 -0.44457877  0.10245969 -0.29016757  0.33138177 -0.44496465 -0.23223944
 -0.06084478 -0.00499082  0.16202208  0.28482798  0.22220631  0.33144972
 -0.41847113 -0.17592889  0.25787437 -0.10885229 -0.4592     -0.09071892
  0.2526727  -0.07717908  0.18789166  0.10729005  0.06646567 -0.48592106
 -0.28378725  0.12903917  0.06533519  0.24002813  0.28912845  0.46883374
  0.29270878  0.30698463  0.24087952  0.23001735  0.41555855 -0.21134524
 -0.2268661  -0.25684357  0.10179419  0.31673408  0.37151244 -0.2596091
 -0.06841425 -0.38625044  0.07252166  0.3151689   0.4387651  -0.03079234
 -0.17332533  0.05162474  0.1523024   0.03797086  0.42739964  0.6022515
 -0.33843768  0.09933757  0.07262695  0.20133029  0.20147912  0.0217785
  0.26187336  0.43289283  0.43240878  0.09713702  0.13202399  0.34586155
  0.35357624  0.12763779  0.07350042 -0.27395728 -0.33412483  0.5959049
  0.0448813  -0.34448698 -0.06137411  0.28082818 -0.02805893 -0.09219094
  0.0519438  -0.23448406  0.33192486  0.04173414 -0.4401794   0.05264149
 -0.02162172 -0.08440109 -0.4483828  -0.36819977  0.06970531 -0.14387889
  0.02767757  0.11954401]		[NH+]	[ 1.29458830e-01 -2.55939096e-01  5.01943052e-01 -1.24404497e-01
 -3.29400539e-01  1.35159463e-01  2.70107687e-01 -2.66107261e-01
 -3.87129456e-01 -3.68958294e-01 -2.90691733e-01 -2.53544390e-01
 -8.69817913e-01  3.02186340e-01 -1.35332942e-01  2.67351478e-01
 -5.12406111e-01  2.13734701e-01 -3.00282896e-01 -3.59009385e-01
  1.60645410e-01  4.94398952e-01 -4.87813383e-01  7.81875998e-02
 -2.92274714e-01  1.09925672e-01  4.60363835e-01  1.47136956e-01
  2.23100126e-01 -1.44924149e-01  1.06674783e-01  2.33113412e-02
  2.12159120e-02 -2.32190832e-01  3.67905170e-01 -3.91706795e-01
  3.33383501e-01  7.07322881e-02  7.96838030e-02  3.94592226e-01
 -1.27559721e-01 -2.72505730e-01 -1.58041805e-01 -1.95890084e-01
 -1.42694727e-01  1.55841812e-01  6.99973926e-02 -1.48162395e-01
  1.22052886e-01  3.30258667e-01 -1.23395018e-01  3.84111889e-02
 -2.61072665e-01  1.22603454e-01 -8.88798982e-02  1.79593220e-01
  1.50170088e-01 -3.00368458e-01 -5.51688522e-02  1.46611467e-01
 -8.87750648e-03 -1.31741896e-01 -2.48254742e-04 -2.91018039e-01
  2.10392490e-01 -1.93911582e-01  6.04156107e-02  1.84102044e-01
 -3.26054022e-02  3.37616295e-01  4.98485677e-02  1.87392458e-01
 -2.30904311e-01 -2.57607959e-02  2.51358822e-02 -3.65837872e-01
  1.80120856e-01 -6.52998462e-02 -9.43889320e-02 -5.68114638e-01
  8.11179206e-02 -9.64249223e-02 -9.03829932e-02  8.50891024e-02
 -6.88637793e-02 -1.15943193e-01  3.43224287e-01  1.99170396e-01
 -3.51614244e-02  3.08392048e-01  1.80423155e-01 -1.33859310e-02
  4.46474366e-02  2.67802447e-01 -2.00855464e-01  3.12975496e-01
  4.23023164e-01 -5.88914901e-02  1.53676882e-01  1.46418288e-01
 -7.47058466e-02 -1.37024269e-01  1.28034085e-01  2.05502629e-01
  8.96322429e-02 -3.18366200e-01 -1.67962149e-01  4.10262376e-01
 -2.33333766e-01  1.23824283e-01 -2.66873658e-01  4.42495337e-03
  3.76323342e-01 -8.70083869e-02 -4.50594783e-01  1.37910873e-01
  2.70656288e-01  3.12546968e-01  1.78370982e-01 -3.07667434e-01
  1.38450682e-01  4.23594385e-01  3.63229126e-01  2.86103576e-01
 -6.22780502e-01 -4.26676393e-01 -4.85866547e-01  1.97119698e-01]		[OH-]	[-0.1592611  -0.23038049  0.13413158  0.2576161  -0.43947017  0.4171209
  0.08117653 -0.32233247 -0.6717395  -0.06535765 -0.05707557  0.06374837
 -0.38885626  0.26201934  0.06898908 -0.46889406  0.3482671  -0.4010308
  0.12425289  0.3049291   0.19620092  0.01968366  0.09741998 -0.09860468
 -0.13729946 -0.04368976 -0.2661913   0.6107979   0.048309    0.18006027
 -0.12425984  0.0839745  -0.29720053 -0.35287455  0.1143275  -0.06824589
 -0.00290102  0.10203425 -0.08113264  0.25836986 -0.16115096  0.20185654
 -0.29130223 -0.32300794  0.05913105  0.6075433   0.11700693  0.21718304
  0.05156597  0.20400068  0.10097189  0.10667096 -0.4152321  -0.42145178
  0.06498428 -0.37202445 -0.12144193 -0.27420706  0.04733729  0.22206308
  0.23598409 -0.36286715  0.28339556  0.10249607  0.33105093 -0.12895131
 -0.07439064  0.19381618 -0.09740619  0.02049038  0.33337277 -0.24721411
 -0.03436719 -0.2732196   0.28433546  0.18236768  0.06393334  0.26524466
 -0.00113697  0.21021664  0.4752971   0.22564499  0.36033112  0.23363261
 -0.2965958  -0.17209944 -0.04222545  0.42185628  0.06596613  0.14471021
  0.0366731   0.02511551 -0.41877827  0.24427357 -0.19860926 -0.2944006
  0.7816861   0.587977    0.47330436 -0.38671726  0.06441931 -0.23486076
  0.22601373 -0.00192169 -0.30236882 -0.13844511  0.11158884  0.5820362
  0.37880084  0.14368832  0.1870318   0.26988417  0.41580355 -0.17337176
 -0.07142    -0.02401707  0.2064255   0.24244556 -0.10463919 -0.3867803
 -0.29768413  0.2550098   0.52949005 -0.50692356  0.01213852 -0.7115798
 -0.07744616  0.08769774]		[Se]	[ 5.81679702e-01 -3.67746651e-01  5.98790050e-02  1.46866247e-01
 -4.01733607e-01  3.97203088e-01 -5.70351779e-01 -4.67886835e-01
 -4.77793932e-01 -1.97811708e-01  7.76577368e-02  2.76405275e-01
 -2.06891671e-01 -3.54912519e-01  2.04033181e-01  6.40559196e-02
  1.57002527e-02 -2.05187201e-01 -2.54107028e-01  9.96048450e-02
  1.14268929e-01  3.23594093e-01 -3.86044115e-01  1.44886255e-01
  4.07877415e-02  2.57949799e-01 -2.20552713e-01  2.35791970e-02
  1.95244804e-01  1.03718475e-01  6.27490059e-02  4.56148311e-02
 -4.37198997e-01  5.67258860e-04  4.39027399e-01 -2.21162096e-01
 -3.90416458e-02  2.95212805e-01 -5.46487309e-02 -3.67609799e-01
  3.71581495e-01 -2.58779436e-01  3.11431080e-01  1.06104225e-01
 -1.73895419e-01  8.40110332e-02  1.84243605e-01  7.60363564e-02
 -3.08166087e-01 -1.93341225e-01  1.82423323e-01 -3.22788090e-01
 -4.28571552e-02 -1.55296624e-01  1.11517133e-02 -7.44300634e-02
 -2.91084528e-01  5.33370733e-01 -2.08228119e-02 -3.20950300e-02
 -2.99899131e-01  1.18181277e-02 -6.68877214e-02  7.02323318e-02
 -1.05868042e-01  1.95178568e-01  3.87131333e-01 -1.24434046e-01
 -1.57400906e-01 -1.34993166e-01  2.17839773e-03 -1.67929143e-01
 -3.64359841e-03  1.27988368e-01  5.16238287e-02  7.73751810e-02
  8.28306824e-02  7.56109357e-02  6.62732646e-02  1.47812292e-02
  1.59172580e-01  2.74554491e-01 -7.38916323e-02 -2.86645573e-02
  1.09012999e-01 -1.23317130e-02  1.64191082e-01  4.96269502e-02
  2.87505239e-01  4.64261770e-01 -3.80991176e-02  7.80061036e-02
  2.29756072e-01  1.53935671e-01  2.31513336e-01 -3.23086590e-01
 -3.43658417e-01  5.87890923e-01 -7.95471445e-02  1.97420642e-01
 -1.41544431e-01  3.73405486e-01  3.75062346e-01  1.49668947e-01
 -5.27445860e-02 -1.29328921e-01  5.57235628e-02  4.22336906e-02
  2.94139028e-01 -1.37892529e-01  1.07448578e-01  4.31658402e-02
 -1.93498023e-02  5.27406521e-02  1.88441247e-01 -7.12289289e-03
  4.18474618e-03  4.11990553e-01 -1.22461081e-01 -7.13050365e-02
  1.80704474e-01  3.33282351e-01  1.66461974e-01 -3.69582444e-01
  1.00992411e-01 -3.54695261e-01  1.10313877e-01 -1.96694821e-01]		[PH+]	[ 4.81674701e-01 -3.05168480e-01  9.67596546e-02  1.62761733e-01
  1.39675811e-01  3.40008348e-01 -2.01559290e-01  1.29991621e-01
  6.01815321e-02 -7.56157562e-02 -3.49520594e-01  1.38793945e-01
 -5.01554966e-01  3.45944047e-01  1.26892641e-01 -5.01745492e-02
 -4.62271243e-01  5.57725549e-01 -3.95236194e-01 -2.68332750e-01
  5.57870567e-02  3.91280532e-01 -1.49888635e-01  1.53689861e-01
 -3.55513394e-01  3.85354966e-01  5.86355209e-01 -3.12489331e-01
 -6.65673390e-02 -4.69398387e-02  2.01930851e-01 -2.59134918e-01
 -3.23066890e-01  1.52026564e-01  2.40698412e-01 -1.12278815e-02
 -8.14551264e-02  1.50450811e-01 -3.79780412e-01 -2.49633789e-01
 -1.99328717e-02 -3.04350704e-01 -1.42051922e-02 -1.32532552e-01
  1.60282347e-02  1.08414784e-01  2.32705861e-01  3.53493169e-02
 -2.75667816e-01  1.17996857e-01 -8.56458992e-02 -1.02705590e-01
  1.67657673e-01 -2.23169292e-04 -8.73924717e-02  9.68534797e-02
 -1.21030003e-01  3.23549271e-01  1.89923823e-01  1.69039890e-01
 -6.91695735e-02 -6.47763014e-02  1.47424951e-01  2.21342608e-01
 -1.99197158e-01  2.22822819e-02  3.50305706e-01 -3.64259213e-01
  1.84939489e-01  2.31936425e-02 -1.45166337e-01  1.48331091e-01
 -3.95468801e-01  2.24247843e-01  1.05319113e-01 -6.71810210e-01
 -2.74224840e-02 -1.31305441e-01  1.18785337e-01 -2.25868836e-01
  1.48372218e-01  3.78160805e-01 -2.49660373e-01  2.20434979e-01
  2.02352852e-01  1.70751363e-01  2.51704961e-01  4.20355648e-01
 -1.05785042e-01  2.74635524e-01  1.84284031e-01  1.60507739e-01
  1.84477985e-01  1.73634782e-01  1.18411314e-02 -3.85685526e-02
 -2.67149597e-01  2.24288523e-01  2.62283564e-01  3.95995565e-03
 -3.59560460e-01  6.14856444e-02 -1.18096760e-02  2.56188482e-01
 -2.88830101e-01  2.03630365e-02 -1.04346052e-01  2.53349304e-01
 -1.07768914e-02 -2.41484359e-01  1.06650135e-02 -2.84694850e-01
  1.26041621e-01  1.26176000e-01 -2.95549572e-01 -3.66764545e-01
  2.23868787e-01  7.69905746e-02 -1.42930403e-01 -2.05393001e-01
 -1.57073829e-02  1.24425821e-01  3.90723467e-01  3.66779752e-02
 -7.20896274e-02 -2.79243648e-01  1.69407338e-01  2.55427361e-02]		[Ag+3]	[ 0.44659504 -0.22241321 -0.11102534 -0.5235238  -0.01916806  0.3380995
  0.01209614 -0.273876   -0.32600695 -0.23759808  0.01401535 -0.15447627
 -0.39747247  0.07452243  0.1468515  -0.3415119   0.34782168 -0.20176847
 -0.11376792 -0.15261926  0.06644599 -0.20014891  0.21492627  0.7473536
 -0.38418767  0.27795118 -0.26437065  0.7567683  -0.23631774 -0.3204051
 -0.34373692  0.40369362 -0.2046009  -0.10665134 -0.13842924 -0.6585844
 -0.03263375  0.12064453  0.47927344  0.03734978 -0.44403246  0.20210601
 -0.03951698 -0.37413102  0.49613258 -0.09270203 -0.2593496  -0.09497144
 -0.52024186  0.44532377 -0.05521154  0.00459951 -0.17837185  0.02515068
 -0.21510382 -0.11172543 -0.37753972  0.21697412 -0.06480955 -0.01689057
  0.00600996 -0.2843593   0.17935725  0.528251    0.2163215   0.07174341
 -0.13299182  0.06533126 -0.4591702  -0.31186494  0.05604664 -0.00797574
  0.19283082 -0.20951383  0.03008122  0.2930005   0.03161401 -0.0066805
 -0.47233602  0.12624711  0.03446743 -0.16238996  0.18169671 -0.0947172
 -0.46504533 -0.2544703  -0.04443233 -0.25663713  0.7262088   0.09155776
 -0.6685198  -0.394056    0.05056329  0.10540943  0.25327256  0.38095847
  0.2752722   0.3184585   0.5563049  -0.34833166  0.6095827  -0.18781017
  0.04008915  0.06362799  0.3243609  -0.03753522  0.43617398  0.20577028
  0.31277722 -0.47371843 -0.44614777  0.3840547   0.6410451   0.07656682
  0.4494997   0.07744175 -0.1245443  -0.26827288  0.08327606  0.17324981
  0.11709423 -0.25207642 -0.03715665 -0.10298605  0.14944775  0.0701286
  0.10452136  0.32360733]		[NH-]	[ 0.01028894 -0.1844895   0.05558892  0.116747   -0.13758877  0.23023358
 -0.14271422 -0.14989139 -0.09001189 -0.04867762 -0.0614843   0.25835812
 -0.36852258 -0.27356267 -0.03410098 -0.10837705 -0.06723947 -0.09309999
 -0.00847789  0.17120065 -0.1307222   0.02104042 -0.31417033 -0.03253102
  0.04940469  0.1359381  -0.09599102 -0.117965    0.43448007  0.33026016
  0.35000595  0.3297314  -0.14978755 -0.05083223  0.04171121 -0.29012653
  0.07696366  0.37155727  0.01623222 -0.09946839  0.29914254 -0.16332129
 -0.15892257 -0.21378642 -0.30872387  0.30079114  0.2595534   0.00490886
 -0.21833943 -0.08890407  0.3079254  -0.09745107 -0.46427134 -0.03685343
  0.17066796 -0.1535455  -0.00297504 -0.00676576  0.1562718  -0.10348167
 -0.11207121  0.22176044  0.4044446   0.06641695  0.03487067  0.06215693
  0.11330467  0.34783506  0.00634238 -0.09659631  0.22641383 -0.09531619
 -0.30442655  0.29178986  0.09225256  0.11369028  0.19015254 -0.07593361
  0.1280731  -0.19516136 -0.20165223  0.28659537  0.20770714  0.10836875
  0.02577072 -0.00805595  0.17513517  0.02495462  0.10440952  0.05444898
  0.10947879  0.00818685 -0.14266415  0.03226893 -0.1251841  -0.08439834
  0.43921372  0.30961725  0.0211114   0.26709697 -0.02272422  0.21548472
  0.14817801 -0.23207493 -0.35493335 -0.0671903  -0.14090873  0.3693687
  0.14543474  0.11484247  0.2887733   0.1433915   0.14578338 -0.07703034
 -0.16657262 -0.27791414 -0.00091873  0.16604051 -0.26679775 -0.39785087
  0.18509057  0.12644334 -0.04952423 -0.11753292 -0.20422687 -0.4630256
  0.04945588 -0.02279363]		[Ag+2]	[ 0.15638705  0.13371418  0.21593575 -0.02445111 -0.37396115 -0.03050799
  0.1814712   0.29888025 -0.36763316  0.45239252 -0.31999302  0.20537929
 -0.35659564  0.59921914  0.07789713 -0.45263568  0.12763223  0.08180252
 -0.0075441  -0.34649983 -0.11269411  0.0360259   0.00279479  0.2808963
 -0.17931674  0.24629015  0.11769817  0.34092802  0.17200948 -0.26445553
 -0.04271904 -0.10113068 -0.25152794  0.05155883  0.0509616   0.20671807
  0.10857251  0.14257812  0.20055328  0.11257996 -0.07477439 -0.18642701
 -0.23228754 -0.3909812  -0.04155961  0.3731818   0.06820595 -0.14387843
 -0.14955562  0.26834762 -0.25544226  0.09195903  0.15760824 -0.06116837
 -0.13225585  0.33453068 -0.03978974  0.26401904  0.07587162 -0.00914145
 -0.2024593  -0.00681686  0.15946162  0.52105623  0.11432788 -0.11206904
  0.05281341 -0.3873459  -0.06493172  0.28424615  0.40030062  0.40788043
 -0.00267105 -0.04538912  0.3235374  -0.28883442  0.21163256  0.36661822
  0.16874917 -0.18126899 -0.02932984  0.07017447 -0.14141549  0.1751553
  0.12857445  0.10468139  0.45954892 -0.12770504  0.39143667  0.6466148
  0.07993219  0.07217756  0.22000478  0.1139136   0.15334938  0.39674842
  0.02277556 -0.05572069  0.07644858  0.09030897 -0.17547844  0.21524279
  0.2173551   0.1798224  -0.09568313 -0.18752655  0.04270528  0.09231109
 -0.2154485  -0.4532886  -0.24001063 -0.01135287  0.02771332  0.10030583
 -0.1893401  -0.0652347   0.2810922   0.6064661   0.14281234  0.15061454
 -0.04782934  0.23877363  0.5048388   0.11236659  0.02203159 -0.36950356
  0.2809667  -0.30239153]		%14	[-0.19350968  0.6731239   0.52442193  0.20655355 -0.0252632  -0.48832208
  1.272066    0.5093222  -0.44069862  1.4187719   0.71977705  0.5716176
  0.29721212  1.1324649   0.18227473 -0.25807667 -0.6875037   0.17614684
  0.3356493   0.21866676 -0.7280999   0.12242293 -0.81829596  0.13690646
  0.03667123 -0.06450842  0.08564667  0.5982425   0.11797981  1.2432885
  0.43632504  0.27951485 -0.17001364  0.09947609  0.7158556  -0.41678655
  0.4059226   0.04449986  0.24764581  0.5127503  -0.30475536  0.19956994
 -0.10541918 -0.18618411  0.6546024  -0.21122806 -0.0902162   0.04069797
 -0.5504721   0.49631143 -0.38334575  0.2759619  -0.36258498 -0.3680879
  0.95460176  0.34983903  0.23274583 -0.13717088  0.65077555  0.16683929
 -1.0211815   0.0145421   0.35577232  0.80260193  0.30943462  0.35186425
 -0.1410483  -0.5953221  -0.658425    0.45030496  0.5676794   0.84453994
  0.12414524 -0.20941252  0.8059797  -0.08413317  0.8754382   1.007115
 -0.29988012 -0.27891493 -0.15810841 -0.20949228 -0.10710552  0.13006687
 -0.72035754 -0.277674    0.8438284  -0.39761496  0.97948086  2.094174
 -0.44201994 -0.53605795 -0.54805106 -0.5825521   0.7918079   0.604146
 -0.8201549  -1.1672778   0.14834276  0.43350717 -0.14520542  0.77874523
 -0.13373171  0.42930728  0.55456537  0.0394182   0.33914962 -0.28520405
 -0.24505588 -0.26779497 -0.0975397  -0.2871202  -0.08404243 -0.12084106
 -0.24904811  0.7430706  -0.10778948  0.9732981   0.15144955  0.5729662
  0.6592552  -0.42790672 -0.43968004  0.3710765   0.04796788 -0.4555183
 -0.14516269 -0.6522154 ]		[se]	[-0.25823224  0.3176052   0.13333626 -0.02358804  0.24270159 -0.0698586
 -0.09991688  0.2937526  -0.92024523  0.129766   -0.34547326  0.7480492
  0.11806988  0.30273223  0.108144   -0.2514652   0.07042437  0.18876818
 -0.24136582 -0.3362807  -0.06238803 -0.1996951  -0.52143335 -0.3081415
  0.31857762 -0.04229188  0.0261386   0.15863213  0.37123042  0.5113886
  0.65118897  0.47845963  0.00149223  0.21869278  0.00411781 -0.3515403
  0.09434769  0.38163584 -0.08393785 -0.31879127  0.07059541 -0.08920959
 -0.01763557  0.0714452  -0.37164047  0.1359476   0.1136168  -0.13849221
 -0.56309855 -0.26789868  0.44457895 -0.24108578 -0.3456697   0.31188285
  0.06091372 -0.16073158  0.01887394  0.12749809  0.25690538  0.06422295
 -0.39312118  0.28567812 -0.11797065  0.23547153  0.11145536  0.26386014
 -0.03862053 -0.3332875   0.11132263 -0.11279426  0.14304933 -0.2554507
 -0.34246507  0.2434433  -0.04111961 -0.08592968  0.23685585  0.01580101
  0.08145998 -0.1031213   0.03281074  0.29402378 -0.04295923  0.13182256
  0.2746232  -0.14582776  0.61530274  0.00245854  0.4307248   0.39317498
  0.155463    0.18667103 -0.17136137 -0.03238242  0.3009351  -0.20669979
 -0.03094553 -0.25408337 -0.03559857  0.35022226  0.0112804   0.4732328
  0.25390857 -0.05128409  0.15687361 -0.2572783  -0.23663944  0.14104363
  0.2510269  -0.10787041  0.02564145  0.14872915 -0.07185844 -0.03063834
  0.02282259  0.00222433  0.14734112  0.29160944 -0.01057118 -0.3584862
  0.07257907  0.13004553  0.02293058  0.05090463 -0.23225856 -0.53368163
 -0.0893726   0.03626742]		[Tl+]	[ 0.00580003 -0.03108388 -0.00747775  0.0053297   0.13655     0.07537735
 -0.09749635 -0.03980836 -0.37306455  0.13333276 -0.00285516  0.3786463
 -0.29087615 -0.1900239  -0.07587363 -0.30251583  0.1023818  -0.01063827
 -0.12523371  0.04849019  0.01724791 -0.03476728  0.14123867 -0.03317376
  0.10064868 -0.09204718 -0.24962617 -0.0545909   0.11355366 -0.10358268
  0.0200978   0.07031763 -0.08460423 -0.04046673 -0.0435002   0.21800356
  0.24082977  0.15773521 -0.11835712 -0.08666253  0.13533065 -0.08898444
 -0.19781746 -0.05611857 -0.13406663  0.19451453  0.27143896 -0.10417689
 -0.00427246  0.02363403  0.13767175 -0.10289182 -0.07346826 -0.05780375
  0.1844818  -0.05028692  0.02811539  0.04608863  0.10706957  0.07395202
 -0.06174151 -0.02190046  0.16885652  0.11659665 -0.02330503 -0.0172771
  0.21603474 -0.10128502 -0.13670549 -0.01892099  0.30096674  0.1225991
 -0.09552645  0.00075662  0.08525234  0.10721027  0.23855907  0.15187961
  0.10855623  0.28224376  0.16783187  0.12071182  0.05198394  0.15592538
 -0.16797207 -0.05535081  0.17550501 -0.04275835  0.05126332  0.2899997
 -0.00985603  0.03461273 -0.08344504  0.09650873  0.04138898 -0.10671918
 -0.04675223  0.19227263 -0.07905988  0.178472    0.06982251  0.25617605
  0.08306076 -0.05857713 -0.13524148  0.03200767  0.01514313  0.23460737
  0.21517387  0.0345575   0.09636935  0.15640914  0.2487406  -0.1896745
  0.02765925 -0.02565829  0.11216383  0.2457793  -0.05909829 -0.19728965
  0.07867524  0.19274373  0.0033091  -0.23893215 -0.22540256 -0.19311246
 -0.0340132  -0.12942372]		[Pd+3]	[ 3.24535102e-01 -2.71599084e-01 -1.69679910e-01  7.54969418e-02
 -3.03807348e-01  3.42197925e-01 -6.01005673e-01 -3.33262384e-01
 -7.33909070e-01  6.54565170e-04  1.66702971e-01  6.04091346e-01
 -1.29574537e-01 -3.57145697e-01  2.41695847e-02 -2.58379877e-01
  2.08521590e-01 -3.89128715e-01 -2.95887411e-01 -1.31247507e-03
  8.74413177e-02  2.68230677e-01 -3.77052218e-01  8.47951472e-02
  3.55442196e-01  1.75393820e-01 -5.15185952e-01 -6.21082634e-02
  2.46659786e-01  3.37285757e-01  4.79825020e-01  3.67048353e-01
 -1.59819081e-01  1.17886640e-01  7.01000914e-02 -3.16034555e-01
  1.39547795e-01  3.81348580e-01  5.99678494e-02 -6.50471151e-02
  4.60077733e-01 -8.53332505e-02  1.76713347e-01  5.05679548e-02
 -4.08639789e-01 -4.76729237e-02  2.94259816e-01 -2.78278828e-01
 -1.14201449e-01 -3.34484756e-01  3.94342691e-01 -7.11435854e-01
 -3.84231031e-01 -2.93669626e-02  3.48227799e-01 -1.85120881e-01
 -4.31320399e-01  2.84741729e-01  2.62838602e-01 -1.79792598e-01
 -4.04224694e-01  6.52869716e-02  1.26040608e-01  1.97062716e-01
  1.51756376e-01  8.66243988e-02  2.08923295e-01 -1.27051517e-01
 -1.61239505e-01 -2.45047659e-01  3.64170939e-01 -9.93473455e-02
 -8.45058486e-02  3.05012286e-01 -2.17674121e-01  2.97078192e-01
  4.50625658e-01 -3.19463253e-01  1.40270829e-01 -2.50127137e-01
  3.38872790e-01  2.52746612e-01  1.00486308e-01 -1.87872842e-01
  2.62400478e-01  6.13126121e-02  2.18135938e-01 -3.42111811e-02
  3.86491358e-01  2.16916367e-01 -5.40562905e-02  2.92863280e-01
  1.86459169e-01  6.76220655e-02  2.01257244e-01 -2.14920193e-02
 -2.01739073e-01  4.44922149e-01 -1.18067116e-01  2.25555822e-01
 -2.49604117e-02  5.88962972e-01  5.85451484e-01 -6.68779537e-02
 -5.08448370e-02 -7.23261684e-02  7.23453686e-02  9.34398994e-02
  3.93469274e-01 -5.50150312e-02  1.26148518e-02  2.18527734e-01
  1.02603361e-02  1.67714044e-01  3.27806532e-01  7.64418319e-02
 -5.22704720e-02  3.59068394e-01 -1.84179276e-01 -3.59301478e-01
  1.69057757e-01  3.81096989e-01  1.88141644e-01 -6.32749498e-01
 -2.10988104e-01 -5.20878613e-01  1.88187733e-01 -6.86751902e-02]		[N-]	[ 1.86270297e-01  3.10262024e-01  6.21520221e-01 -6.10819310e-02
 -4.71004397e-02  1.18651979e-01  5.16637087e-01 -7.50356242e-02
 -4.28181618e-01  1.35320783e-01  4.46866341e-02  2.18532711e-01
 -2.73981184e-01 -1.21907234e-01  2.54588276e-02 -4.26880658e-01
  4.86419797e-02  5.15459776e-01 -1.75734743e-01 -1.19918361e-02
  2.31471360e-01 -2.85628319e-01 -1.14307076e-01 -3.57403249e-01
 -1.65800348e-01 -4.38140363e-01 -3.60390693e-01  2.68006772e-01
  7.27105737e-01  7.68749192e-02  9.44549218e-02  5.26095688e-01
  6.20608516e-02 -1.28525779e-01 -3.10361564e-01 -3.39470245e-02
  9.33314338e-02  5.46012998e-01 -1.68400761e-02  1.32576404e-02
 -2.12321771e-04  1.18790798e-01 -6.48438334e-02  1.25105903e-01
 -3.93259704e-01  2.78709114e-01  8.74891654e-02  1.05842285e-01
  1.81410089e-01  1.96185578e-02  2.74446398e-01 -1.09016091e-01
 -2.57389277e-01 -4.18664105e-02 -3.30116868e-01  5.73216714e-02
 -1.36653975e-01  1.22879088e-01 -1.40066072e-02  1.33736134e-01
  1.94455475e-01 -2.65724689e-01 -5.22749424e-02  1.03122294e-01
 -1.39025198e-02 -1.75827712e-01  1.71248138e-01 -2.34898433e-01
  4.76375595e-02  9.51652750e-02  1.32405624e-01 -8.51804838e-02
 -3.45239677e-02  1.11870458e-02 -7.81770498e-02  3.50793302e-02
  5.96054316e-01  7.21569136e-02  2.93359071e-01 -1.98491305e-01
 -6.83643576e-03  4.04443562e-01 -3.97290066e-02 -5.92126921e-02
  7.98410401e-02 -9.04928073e-02  2.43714258e-01  2.25602895e-01
 -1.56579521e-02 -4.07610774e-01  3.46423686e-01  2.79674649e-01
  2.65065372e-01  2.01598510e-01 -1.58764809e-01 -7.26167038e-02
  3.30970287e-01  5.81439808e-02  4.80255112e-03  6.90786839e-02
  4.25349213e-02  1.25674456e-01  3.27854335e-01 -1.40786767e-01
 -3.05923283e-01 -1.34896785e-01  2.57881102e-03  3.86313051e-01
  2.81933129e-01  2.47981206e-01  3.69384997e-02  7.02703670e-02
 -8.06927308e-02  2.08271444e-01 -2.86938787e-01  1.74475446e-01
  6.85676634e-02  3.01360548e-01 -9.75935832e-02 -2.31922641e-01
  1.85319930e-01  4.88616914e-01 -1.85557324e-02 -1.32089645e-01
 -3.05117249e-01 -6.02012813e-01 -7.66294897e-02 -5.96320108e-02]		[Ca+2]	[-0.04246121  0.2909306   0.27337122 -0.14618255 -0.619513    0.07701618
  0.2806634   0.07928441 -0.380114    0.43845886 -0.28319016  0.15627207
 -0.4084549   0.6249074  -0.10005054 -0.34203774 -0.16894962 -0.01927877
  0.10848334 -0.34272182 -0.08692278  0.20479603 -0.26349798  0.26723146
 -0.11102913  0.07699595  0.09517362  0.50356853  0.41047317 -0.04682354
 -0.1658666   0.18791074 -0.14431533 -0.09906455  0.31475568  0.12110823
  0.30164358  0.2735912   0.38539052  0.3078444   0.0149158   0.0610267
 -0.24564557 -0.27876544 -0.05411039  0.3949937  -0.08981172 -0.08822872
  0.06952177  0.32888657 -0.17282958  0.2041544  -0.05141761 -0.19203918
 -0.07638484  0.39311284 -0.06589702  0.21844381  0.12791313  0.07270738
 -0.21681757 -0.05607377  0.11208383  0.45894238  0.3487716  -0.12491174
  0.01294022 -0.35506833 -0.10817426  0.3988414   0.4982525   0.4502673
 -0.10963428  0.02213651  0.3613442  -0.28011927  0.4014124   0.42548904
  0.05999336 -0.11705688 -0.05995135 -0.02001846 -0.08431312  0.04116088
  0.11062811  0.06691165  0.46715975 -0.17873256  0.40556124  0.7782536
  0.08792568 -0.09526794  0.33152083  0.18915717 -0.02268352  0.7135493
 -0.11772632 -0.26214188 -0.02271328  0.26155096 -0.3365958   0.34006286
  0.3948016   0.19036424 -0.16227259 -0.11052464 -0.01477865 -0.23697335
 -0.24530832 -0.34261703 -0.49932513 -0.23553088 -0.07470573  0.15371984
 -0.19364834  0.2241684   0.20376188  0.6779951   0.1430717   0.15695341
  0.10785157  0.18611376  0.31340197  0.172804    0.08141241 -0.33352152
  0.02400262 -0.42632744]		[P+]	[ 7.45522529e-02  1.62103206e-01  2.73778260e-01 -1.48503065e-01
 -4.03919369e-01  4.43605751e-01  4.34576780e-01  2.68341508e-03
  6.14006780e-02 -7.71577284e-03 -1.37701422e-01 -2.33643092e-02
 -2.36470193e-01 -6.08093701e-02 -1.65097058e-01  1.45360571e-03
 -2.54103005e-01 -7.53206983e-02 -7.02888146e-02  1.40921235e-01
 -4.36812192e-02  3.16753387e-02  6.35303035e-02  1.32770643e-01
 -2.27357164e-01 -7.20977783e-02 -2.82357007e-01  3.44649613e-01
  3.27333391e-01  1.75860226e-01 -1.31058663e-01  1.77945822e-01
 -2.45664626e-01 -2.45678708e-01  2.49289051e-01 -3.78141880e-01
  1.36338532e-01  2.75194824e-01  3.49097282e-01  3.68338883e-01
 -8.70955456e-03 -4.01868187e-02 -3.48353237e-02 -1.32711023e-01
  1.92569476e-02  3.49945247e-01 -6.94550201e-02  1.29750952e-01
 -2.29177885e-02  2.19112113e-01 -1.71506062e-01  1.10089019e-01
 -2.68781245e-01 -1.82919353e-01  2.56687906e-02 -4.50499915e-02
 -2.08759233e-02  5.77686615e-02 -1.07489400e-01 -1.75874650e-01
  6.61899522e-02 -1.74612150e-01  1.71207845e-01  1.79792315e-01
  1.09012835e-01 -4.14865464e-02  1.02841958e-01  5.56989653e-05
 -1.86931174e-02  1.12601973e-01  8.73388201e-02 -1.15475103e-01
 -1.67262182e-02 -1.01727471e-02  1.37419611e-01 -9.33237821e-02
  3.26749653e-01  3.69123012e-01  8.59566405e-03  1.26752898e-03
 -1.04159880e-02  8.19766596e-02 -5.41823022e-02  1.50929958e-01
 -2.31792331e-01 -1.44828364e-01  2.04588503e-01 -1.02795154e-01
  3.41403514e-01  3.87089491e-01 -9.05619487e-02 -1.42168000e-01
  1.08199835e-01  1.86288774e-01  3.72215211e-02  1.95385665e-01
  2.54420131e-01  7.79692009e-02  1.49985850e-01  4.43967916e-02
 -4.64985445e-02  1.29670382e-01  8.77388418e-02 -6.49852455e-02
 -2.26879656e-01 -3.11153494e-02  6.86050579e-02  2.64877319e-01
  2.81188011e-01  3.50099020e-02  3.31511870e-02 -4.10468504e-02
  2.75063902e-01 -1.21117659e-01 -1.58701822e-01 -9.61180180e-02
  4.78850231e-02  3.84261817e-01  7.97365606e-02  9.89553332e-02
  2.51134969e-02  1.25830740e-01 -7.07800388e-02 -1.76266819e-01
 -2.76992679e-01 -3.34477872e-01 -3.39797705e-01 -1.78135019e-02]		[As]	[ 1.24042414e-01  1.89166758e-02 -2.58924253e-02 -4.09143716e-02
 -1.11314550e-01 -2.20906977e-02 -4.35789488e-02  1.00698724e-01
 -2.53115892e-01  2.85714477e-01  1.39449358e-01  1.64883196e-01
 -6.29137084e-02  5.46501167e-02 -8.51835310e-02 -1.78158686e-01
 -2.57356554e-01  1.46371141e-01 -6.86541647e-02 -4.63179462e-02
 -2.47048754e-02 -2.55749524e-01 -1.83400497e-01 -6.10608831e-02
 -7.38910735e-02  2.38311812e-02 -1.42819300e-01 -6.79134764e-03
  2.48761803e-01  3.07761550e-01  4.58990693e-01  1.84235185e-01
 -1.96421698e-01  4.12288643e-02  1.42909870e-01 -1.48382738e-01
  2.49113515e-02  1.52508989e-01 -2.00838223e-02  4.40362468e-02
 -4.43704054e-03 -9.78100225e-02 -1.41036600e-01 -4.21339497e-02
 -1.08404465e-01  1.62794337e-01  2.35939085e-01 -1.73570961e-01
 -2.08378717e-01  1.32848378e-02  1.22705080e-01 -5.95916249e-02
 -1.18569396e-01  1.61389545e-01  1.67523414e-01  4.73116562e-02
  4.72577475e-02  3.85774001e-02  1.01015970e-01 -6.64169192e-02
 -9.21828225e-02  2.38939330e-01  3.59242931e-02  1.51150852e-01
 -1.84482411e-02  1.03900105e-01  1.42805591e-01 -3.78110893e-02
  6.10408410e-02  7.31912330e-02  2.53274530e-01  4.13298234e-02
 -1.35472566e-01  6.57160431e-02  1.84045687e-01 -4.47082184e-02
  1.20372392e-01 -5.04396074e-02  1.34010315e-01 -2.72350639e-01
  3.49155464e-03  2.91762263e-01  5.46266399e-02  9.27413926e-02
  8.72335285e-02  5.75956292e-02  2.74315357e-01 -2.08574422e-02
  2.68524408e-01  3.03681523e-01  5.21881133e-02  1.68311283e-01
  3.86903621e-02  5.59070222e-02  1.09085992e-01  1.32693633e-01
  1.71261564e-01 -6.62588209e-05  5.68357073e-02  1.78347513e-01
  8.38821009e-02  4.15655106e-01  1.85039937e-01  8.71839561e-03
  2.03318056e-02 -1.03785045e-01 -9.41259116e-02  2.88818538e-01
 -4.62624133e-02 -5.32712452e-02 -8.99071470e-02  4.51533981e-02
 -9.99559984e-02 -1.30283218e-02  2.41628177e-02 -1.00004345e-01
  2.65595436e-01  3.50377262e-01 -1.20381549e-01 -2.14058850e-02
  1.48677230e-01 -4.08977680e-02 -8.94167721e-02 -1.27224162e-01
 -2.71742612e-01 -3.31119239e-01  1.49046071e-02 -1.32827803e-01]		